"","ID","Description","GeneRatio","BgRatio","RichFactor","FoldEnrichment","zScore","pvalue","p.adjust","qvalue","geneID","Count","gene_symbols"
"GO:0060326","GO:0060326","cell chemotaxis","23/97","311/18842",0.0739549839228296,14.365565021381,17.0967361369775,1.67921896206632e-20,3.66573499419077e-17,2.67084194913916e-17,"1960/6373/3627/2919/1236/6351/10563/6364/6355/57007/6347/3586/5142/6349/2921/7412/1843/7130/4233/3164/7422/3576/2920",23,"EGR3/CXCL11/CXCL10/CXCL1/CCR7/CCL4/CXCL13/CCL20/CCL8/ACKR3/CCL2/IL10/PDE4B/CCL3L1/CXCL3/VCAM1/DUSP1/TNFAIP6/MET/NR4A1/VEGFA/CXCL8/CXCL2"
"GO:0006935","GO:0006935","chemotaxis","25/97","443/18842",0.0564334085778781,10.9620441693235,15.2632963289878,2.08496150549686e-19,1.51715698883321e-16,1.1053953806336e-16,"1960/6373/3627/2919/3690/1236/6351/10563/3084/6364/6355/57007/6347/3586/5142/6349/2921/7412/1843/7130/4233/3164/7422/3576/2920",25,"EGR3/CXCL11/CXCL10/CXCL1/ITGB3/CCR7/CCL4/CXCL13/NRG1/CCL20/CCL8/ACKR3/CCL2/IL10/PDE4B/CCL3L1/CXCL3/VCAM1/DUSP1/TNFAIP6/MET/NR4A1/VEGFA/CXCL8/CXCL2"
"GO:0042330","GO:0042330","taxis","25/97","443/18842",0.0564334085778781,10.9620441693235,15.2632963289878,2.08496150549686e-19,1.51715698883321e-16,1.1053953806336e-16,"1960/6373/3627/2919/3690/1236/6351/10563/3084/6364/6355/57007/6347/3586/5142/6349/2921/7412/1843/7130/4233/3164/7422/3576/2920",25,"EGR3/CXCL11/CXCL10/CXCL1/ITGB3/CCR7/CCL4/CXCL13/NRG1/CCL20/CCL8/ACKR3/CCL2/IL10/PDE4B/CCL3L1/CXCL3/VCAM1/DUSP1/TNFAIP6/MET/NR4A1/VEGFA/CXCL8/CXCL2"
"GO:0009615","GO:0009615","response to virus","20/97","400/18842",0.05,9.71237113402062,12.6694415950315,1.31542237121742e-14,7.17891759091907e-12,5.23053474449874e-12,"10346/3627/8638/9636/51191/3669/6351/602/3665/64135/24138/6355/4600/10561/4939/10964/3433/3437/3434/3456",20,"TRIM22/CXCL10/OASL/ISG15/HERC5/ISG20/CCL4/BCL3/IRF7/IFIH1/IFIT5/CCL8/MX2/IFI44/OAS2/IFI44L/IFIT2/IFIT3/IFIT1/IFNB1"
"GO:0002237","GO:0002237","response to molecule of bacterial origin","18/97","319/18842",0.0564263322884013,10.9606696183305,12.9069412458743,4.06055458105423e-14,1.77283813008828e-11,1.29168378357325e-11,"79931/3627/1236/3656/1440/10563/654/29126/958/6347/3586/5142/7412/3164/941/3576/2920/8564",18,"TNIP3/CXCL10/CCR7/IRAK2/CSF3/CXCL13/BMP6/CD274/CD40/CCL2/IL10/PDE4B/VCAM1/NR4A1/CD80/CXCL8/CXCL2/KMO"
"GO:0050900","GO:0050900","leukocyte migration","18/97","352/18842",0.0511363636363636,9.933106841612,12.1702787070361,2.19056414581678e-13,7.20653376913333e-11,5.25065579726617e-11,"6714/6373/3627/3690/1236/6351/10563/6364/6355/6347/3586/5142/2921/7412/1843/7130/7422/3576",18,"SRC/CXCL11/CXCL10/ITGB3/CCR7/CCL4/CXCL13/CCL20/CCL8/CCL2/IL10/PDE4B/CXCL3/VCAM1/DUSP1/TNFAIP6/VEGFA/CXCL8"
"GO:0032496","GO:0032496","response to lipopolysaccharide","17/97","302/18842",0.0562913907284768,10.9344575681027,12.5195259666839,2.31084454346923e-13,7.20653376913333e-11,5.25065579726617e-11,"79931/3627/1236/3656/1440/10563/654/29126/958/6347/3586/5142/7412/3164/941/3576/8564",17,"TNIP3/CXCL10/CCR7/IRAK2/CSF3/CXCL13/BMP6/CD274/CD40/CCL2/IL10/PDE4B/VCAM1/NR4A1/CD80/CXCL8/KMO"
"GO:0006959","GO:0006959","humoral immune response","16/97","296/18842",0.0540540540540541,10.4998606854277,11.8504020182308,2.32066544177843e-12,6.33251582425288e-10,4.61384931911474e-10,"6373/3627/2919/1236/9308/6351/10563/6364/6355/6347/6349/2921/10148/3576/2920/3456",16,"CXCL11/CXCL10/CXCL1/CCR7/CD83/CCL4/CXCL13/CCL20/CCL8/CCL2/CCL3L1/CXCL3/EBI3/CXCL8/CXCL2/IFNB1"
"GO:0051607","GO:0051607","defense response to virus","16/97","305/18842",0.0524590163934426,10.1900287307757,11.6397106228705,3.65682763405725e-12,7.99293832024836e-10,5.82362745709442e-10,"10346/3627/8638/9636/51191/3669/3665/64135/24138/4600/4939/10964/3433/3437/3434/3456",16,"TRIM22/CXCL10/OASL/ISG15/HERC5/ISG20/IRF7/IFIH1/IFIT5/MX2/OAS2/IFI44L/IFIT2/IFIT3/IFIT1/IFNB1"
"GO:0071222","GO:0071222","cellular response to lipopolysaccharide","14/97","210/18842",0.0666666666666667,12.9498281786942,12.5267003820765,3.66144677977478e-12,7.99293832024836e-10,5.82362745709442e-10,"79931/3627/3656/1440/10563/654/29126/958/6347/3586/5142/941/3576/8564",14,"TNIP3/CXCL10/IRAK2/CSF3/CXCL13/BMP6/CD274/CD40/CCL2/IL10/PDE4B/CD80/CXCL8/KMO"
"GO:0030595","GO:0030595","leukocyte chemotaxis","14/97","217/18842",0.0645161290322581,12.5320917858331,12.2909354010464,5.71147683721867e-12,1.1334685396044e-09,8.25841291965302e-10,"6373/3627/1236/6351/10563/6355/6347/3586/5142/2921/1843/7130/7422/3576",14,"CXCL11/CXCL10/CCR7/CCL4/CXCL13/CCL8/CCL2/IL10/PDE4B/CXCL3/DUSP1/TNFAIP6/VEGFA/CXCL8"
"GO:0071219","GO:0071219","cellular response to molecule of bacterial origin","14/97","223/18842",0.062780269058296,12.1949054597568,12.0973377331384,8.25809708462441e-12,1.45187444563901e-09,1.05783074347737e-09,"79931/3627/3656/1440/10563/654/29126/958/6347/3586/5142/941/3576/8564",14,"TNIP3/CXCL10/IRAK2/CSF3/CXCL13/BMP6/CD274/CD40/CCL2/IL10/PDE4B/CD80/CXCL8/KMO"
"GO:0061844","GO:0061844","antimicrobial humoral immune response mediated by antimicrobial peptide","12/97","142/18842",0.0845070422535211,16.4152751560912,13.2638551229372,8.64606861809764e-12,1.45187444563901e-09,1.05783074347737e-09,"6373/3627/2919/6351/10563/6364/6355/6347/6349/2921/3576/2920",12,"CXCL11/CXCL10/CXCL1/CCL4/CXCL13/CCL20/CCL8/CCL2/CCL3L1/CXCL3/CXCL8/CXCL2"
"GO:0019079","GO:0019079","viral genome replication","11/97","110/18842",0.1,19.4247422680412,13.9412209121019,1.05422013903445e-11,1.64383040250872e-09,1.19768919554967e-09,"8638/9636/3669/64135/24138/6355/6347/4939/3576/3434/3456",11,"OASL/ISG15/ISG20/IFIH1/IFIT5/CCL8/CCL2/OAS2/CXCL8/IFIT1/IFNB1"
"GO:0071621","GO:0071621","granulocyte chemotaxis","11/97","112/18842",0.0982142857142857,19.0778718703976,13.8032878941818,1.28676817734613e-11,1.8726766207644e-09,1.36442576559298e-09,"3627/1236/6351/10563/6355/6347/5142/2921/7130/7422/3576",11,"CXCL10/CCR7/CCL4/CXCL13/CCL8/CCL2/PDE4B/CXCL3/TNFAIP6/VEGFA/CXCL8"
"GO:0019058","GO:0019058","viral life cycle","15/97","284/18842",0.0528169014084507,10.259546972557,11.3104124799756,1.66494052490432e-11,2.27160322866633e-09,1.65508232442791e-09,"6714/8638/9636/9235/3669/3690/64135/24138/6355/6347/4939/941/3576/3434/3456",15,"SRC/OASL/ISG15/IL32/ISG20/ITGB3/IFIH1/IFIT5/CCL8/CCL2/OAS2/CD80/CXCL8/IFIT1/IFNB1"
"GO:0071216","GO:0071216","cellular response to biotic stimulus","14/97","245/18842",0.0571428571428571,11.099852724595,11.4464748176705,2.9230564270154e-11,3.75354834127919e-09,2.73482245276797e-09,"79931/3627/3656/1440/10563/654/29126/958/6347/3586/5142/941/3576/8564",14,"TNIP3/CXCL10/IRAK2/CSF3/CXCL13/BMP6/CD274/CD40/CCL2/IL10/PDE4B/CD80/CXCL8/KMO"
"GO:0097530","GO:0097530","granulocyte migration","11/97","133/18842",0.0827067669172932,16.0655763119138,12.5424218061676,8.46990283488786e-11,1.0272109938089e-08,7.48422408392723e-09,"3627/1236/6351/10563/6355/6347/5142/2921/7130/7422/3576",11,"CXCL10/CCR7/CCL4/CXCL13/CCL8/CCL2/PDE4B/CXCL3/TNFAIP6/VEGFA/CXCL8"
"GO:0016032","GO:0016032","viral process","16/97","383/18842",0.0417754569190601,8.11477483782402,10.1193258811726,1.10240960593461e-10,1.26661061566066e-08,9.22848152114789e-09,"6714/8638/9636/9235/3669/3690/3665/64135/24138/6355/6347/4939/941/3576/3434/3456",16,"SRC/OASL/ISG15/IL32/ISG20/ITGB3/IRF7/IFIH1/IFIT5/CCL8/CCL2/OAS2/CD80/CXCL8/IFIT1/IFNB1"
"GO:0045071","GO:0045071","negative regulation of viral genome replication","8/97","48/18842",0.166666666666667,32.3745704467354,15.6561118564431,1.17140441357721e-10,1.27858791741953e-08,9.31574773113245e-09,"8638/9636/3669/64135/24138/4939/3434/3456",8,"OASL/ISG15/ISG20/IFIH1/IFIT5/OAS2/IFIT1/IFNB1"
"GO:1990868","GO:1990868","response to chemokine","10/97","103/18842",0.0970873786407767,18.8589730757682,13.0736546572066,1.29346815406297e-10,1.28347317287248e-08,9.35134153487628e-09,"6373/3627/1236/6351/10563/6355/57007/6347/6349/1843",10,"CXCL11/CXCL10/CCR7/CCL4/CXCL13/CCL8/ACKR3/CCL2/CCL3L1/DUSP1"
"GO:1990869","GO:1990869","cellular response to chemokine","10/97","103/18842",0.0970873786407767,18.8589730757682,13.0736546572066,1.29346815406297e-10,1.28347317287248e-08,9.35134153487628e-09,"6373/3627/1236/6351/10563/6355/57007/6347/6349/1843",10,"CXCL11/CXCL10/CCR7/CCL4/CXCL13/CCL8/ACKR3/CCL2/CCL3L1/DUSP1"
"GO:0048525","GO:0048525","negative regulation of viral process","9/97","74/18842",0.121621621621622,23.6246865422123,14.0276380988967,1.45881378884043e-10,1.38460456566898e-08,1.00881813955967e-08,"8638/9636/9235/3669/64135/24138/4939/3434/3456",9,"OASL/ISG15/IL32/ISG20/IFIH1/IFIT5/OAS2/IFIT1/IFNB1"
"GO:0045069","GO:0045069","regulation of viral genome replication","9/97","77/18842",0.116883116883117,22.7042442093989,13.7281136245312,2.10254588355877e-10,1.91244069325367e-08,1.39339773248127e-08,"8638/9636/3669/64135/24138/4939/3576/3434/3456",9,"OASL/ISG15/ISG20/IFIH1/IFIT5/OAS2/CXCL8/IFIT1/IFNB1"
"GO:0019730","GO:0019730","antimicrobial humoral response","12/97","189/18842",0.0634920634920635,12.3331696939944,11.2642704234575,2.47782759124579e-10,2.09616741831235e-08,1.52726039446921e-08,"6373/3627/2919/6351/10563/6364/6355/6347/6349/2921/3576/2920",12,"CXCL11/CXCL10/CXCL1/CCL4/CXCL13/CCL20/CCL8/CCL2/CCL3L1/CXCL3/CXCL8/CXCL2"
"GO:1903900","GO:1903900","regulation of viral life cycle","10/97","110/18842",0.0909090909090909,17.6588566073102,12.6050501400164,2.49658052570413e-10,2.09616741831235e-08,1.52726039446921e-08,"8638/9636/9235/3669/64135/24138/4939/3576/3434/3456",10,"OASL/ISG15/IL32/ISG20/IFIH1/IFIT5/OAS2/CXCL8/IFIT1/IFNB1"
"GO:0097529","GO:0097529","myeloid leukocyte migration","12/97","207/18842",0.0579710144927536,11.2607201553862,10.6780865537258,7.06505768819866e-10,5.71222997531025e-08,4.16191117616693e-08,"3627/1236/6351/10563/6355/6347/5142/2921/1843/7130/7422/3576",12,"CXCL10/CCR7/CCL4/CXCL13/CCL8/CCL2/PDE4B/CXCL3/DUSP1/TNFAIP6/VEGFA/CXCL8"
"GO:0002685","GO:0002685","regulation of leukocyte migration","12/97","210/18842",0.0571428571428571,11.099852724595,10.5874182534,8.3309107153849e-10,6.49513503274473e-08,4.73233311689721e-08,"3627/3690/1236/6351/10563/6364/6355/6347/1843/7130/7422/3576",12,"CXCL10/ITGB3/CCR7/CCL4/CXCL13/CCL20/CCL8/CCL2/DUSP1/TNFAIP6/VEGFA/CXCL8"
"GO:0070098","GO:0070098","chemokine-mediated signaling pathway","9/97","95/18842",0.0947368421052632,18.4023874118285,12.2320673931889,1.41948397446578e-09,1.06852879870993e-07,7.785264193894e-08,"6373/3627/1236/6351/10563/6355/57007/6347/6349",9,"CXCL11/CXCL10/CCR7/CCL4/CXCL13/CCL8/ACKR3/CCL2/CCL3L1"
"GO:0050792","GO:0050792","regulation of viral process","10/97","136/18842",0.0735294117647059,14.2828987265009,11.1832226161308,2.02798829480713e-09,1.47569948252132e-07,1.07518958366792e-07,"8638/9636/9235/3669/64135/24138/4939/3576/3434/3456",10,"OASL/ISG15/IL32/ISG20/IFIH1/IFIT5/OAS2/CXCL8/IFIT1/IFNB1"
"GO:0002687","GO:0002687","positive regulation of leukocyte migration","10/97","139/18842",0.0719424460431655,13.9746347252095,11.0443973411959,2.5094863393697e-09,1.7671640899497e-07,1.28754969738119e-07,"3627/3690/1236/6351/10563/6364/6355/6347/7422/3576",10,"CXCL10/ITGB3/CCR7/CCL4/CXCL13/CCL20/CCL8/CCL2/VEGFA/CXCL8"
"GO:0140374","GO:0140374","antiviral innate immune response","8/97","73/18842",0.10958904109589,21.2873887868945,12.4928675196099,3.75616350774809e-09,2.5624077929419e-07,1.86696153296295e-07,"3627/8638/64135/24138/4939/3433/3437/3434",8,"CXCL10/OASL/IFIH1/IFIT5/OAS2/IFIT2/IFIT3/IFIT1"
"GO:0031640","GO:0031640","killing of cells of another organism","9/97","111/18842",0.0810810810810811,15.7497910281415,11.2114554196252,5.70628242642675e-09,3.66376898143812e-07,2.66940951898787e-07,"6373/3627/2919/10563/6364/6355/2921/3576/2920",9,"CXCL11/CXCL10/CXCL1/CXCL13/CCL20/CCL8/CXCL3/CXCL8/CXCL2"
"GO:0141061","GO:0141061","disruption of cell in another organism","9/97","111/18842",0.0810810810810811,15.7497910281415,11.2114554196252,5.70628242642675e-09,3.66376898143812e-07,2.66940951898787e-07,"6373/3627/2919/10563/6364/6355/2921/3576/2920",9,"CXCL11/CXCL10/CXCL1/CXCL13/CCL20/CCL8/CXCL3/CXCL8/CXCL2"
"GO:0141060","GO:0141060","disruption of anatomical structure in another organism","9/97","115/18842",0.0782608695652174,15.2019722097714,10.9890106166704,7.80841496074789e-09,4.87021995980361e-07,3.54842556562107e-07,"6373/3627/2919/10563/6364/6355/2921/3576/2920",9,"CXCL11/CXCL10/CXCL1/CXCL13/CCL20/CCL8/CXCL3/CXCL8/CXCL2"
"GO:0002688","GO:0002688","regulation of leukocyte chemotaxis","9/97","118/18842",0.076271186440678,14.8154813908789,10.8293609471115,9.80306358815677e-09,5.94446883692951e-07,4.33111961453359e-07,"3627/1236/6351/10563/6347/1843/7130/7422/3576",9,"CXCL10/CCR7/CCL4/CXCL13/CCL2/DUSP1/TNFAIP6/VEGFA/CXCL8"
"GO:0045785","GO:0045785","positive regulation of cell adhesion","14/97","437/18842",0.0320366132723112,6.22302955955554,7.94676574118712,5.12976328969585e-08,3.02656034092055e-06,2.20514148811677e-06,"6714/3690/1236/10563/3084/29126/259307/6347/3586/7412/8013/10148/7422/941",14,"SRC/ITGB3/CCR7/CXCL13/NRG1/CD274/IL4I1/CCL2/IL10/VCAM1/NR4A3/EBI3/VEGFA/CD80"
"GO:0072676","GO:0072676","lymphocyte migration","8/97","103/18842",0.0776699029126214,15.0871784606146,10.3125137994863,5.85607360993377e-08,3.36416018170669e-06,2.45111557468419e-06,"6373/3627/3690/1236/6351/10563/6364/6347",8,"CXCL11/CXCL10/ITGB3/CCR7/CCL4/CXCL13/CCL20/CCL2"
"GO:0007259","GO:0007259","cell surface receptor signaling pathway via JAK-STAT","9/97","146/18842",0.0616438356164384,11.9741561926282,9.57565156731658,6.29363772176321e-08,3.52282337092541e-06,2.5667170303871e-06,"602/6775/9021/958/6347/3586/54625/10148/3456",9,"BCL3/STAT4/SOCS3/CD40/CCL2/IL10/PARP14/EBI3/IFNB1"
"GO:0050920","GO:0050920","regulation of chemotaxis","10/97","196/18842",0.0510204081632653,9.91058278981696,9.02062076216375,6.76363963286246e-08,3.69125632963469e-06,2.6894367066461e-06,"3627/1236/6351/10563/6347/1843/7130/4233/7422/3576",10,"CXCL10/CCR7/CCL4/CXCL13/CCL2/DUSP1/TNFAIP6/MET/VEGFA/CXCL8"
"GO:0030593","GO:0030593","neutrophil chemotaxis","7/97","75/18842",0.0933333333333333,18.1297594501718,10.6925081149845,1.14783084530965e-07,6.11149935441701e-06,4.45281747692654e-06,"3627/1236/10563/5142/2921/7130/3576",7,"CXCL10/CCR7/CXCL13/PDE4B/CXCL3/TNFAIP6/CXCL8"
"GO:0022407","GO:0022407","regulation of cell-cell adhesion","14/97","472/18842",0.0296610169491525,5.76157609645291,7.53637100533924,1.32407738122213e-07,6.88204981716169e-06,5.0142379023224e-06,"6714/1236/10563/654/29126/259307/6347/3586/7412/8013/10148/7422/941/3456",14,"SRC/CCR7/CXCL13/BMP6/CD274/IL4I1/CCL2/IL10/VCAM1/NR4A3/EBI3/VEGFA/CD80/IFNB1"
"GO:0097696","GO:0097696","cell surface receptor signaling pathway via STAT","9/97","172/18842",0.0523255813953488,10.1641093263006,8.68515244260835,2.56252240351765e-07,1.30092707136722e-05,9.47851004091842e-06,"602/6775/9021/958/6347/3586/54625/10148/3456",9,"BCL3/STAT4/SOCS3/CD40/CCL2/IL10/PARP14/EBI3/IFNB1"
"GO:0050679","GO:0050679","positive regulation of epithelial cell proliferation","9/97","174/18842",0.0517241379310345,10.0472804834696,8.62459880839531,2.82665719755541e-07,1.4024074232417e-05,1.02178924055173e-05,"1960/374/3690/654/283131/3586/8013/3164/7422",9,"EGR3/AREG/ITGB3/BMP6/NEAT1/IL10/NR4A3/NR4A1/VEGFA"
"GO:0022409","GO:0022409","positive regulation of cell-cell adhesion","11/97","297/18842",0.037037037037037,7.19434898816342,7.7402608195323,3.70769029782971e-07,1.79864176003606e-05,1.31048421988788e-05,"6714/1236/10563/29126/259307/6347/3586/7412/8013/10148/941",11,"SRC/CCR7/CXCL13/CD274/IL4I1/CCL2/IL10/VCAM1/NR4A3/EBI3/CD80"
"GO:1903131","GO:1903131","mononuclear cell differentiation","13/97","439/18842",0.0296127562642369,5.75220158279125,7.24732806900744,3.93942827069326e-07,1.869515633679e-05,1.36212268123971e-05,"3624/1236/1440/3665/54567/6775/259307/9021/3586/7412/7422/941/3456",13,"INHBA/CCR7/CSF3/IRF7/DLL4/STAT4/IL4I1/SOCS3/IL10/VCAM1/VEGFA/CD80/IFNB1"
"GO:0002690","GO:0002690","positive regulation of leukocyte chemotaxis","7/97","92/18842",0.0760869565217391,14.7796952039444,9.53077042756169,4.71850230580964e-07,2.12436954459097e-05,1.54780836698747e-05,"3627/1236/6351/10563/6347/7422/3576",7,"CXCL10/CCR7/CCL4/CXCL13/CCL2/VEGFA/CXCL8"
"GO:0071677","GO:0071677","positive regulation of mononuclear cell migration","7/97","92/18842",0.0760869565217391,14.7796952039444,9.53077042756169,4.71850230580964e-07,2.12436954459097e-05,1.54780836698747e-05,"3627/3690/1236/6351/10563/6364/6347",7,"CXCL10/ITGB3/CCR7/CCL4/CXCL13/CCL20/CCL2"
"GO:0050921","GO:0050921","positive regulation of chemotaxis","8/97","135/18842",0.0592592592592593,11.5109583810615,8.81662252161528,4.76839705382307e-07,2.12436954459097e-05,1.54780836698747e-05,"3627/1236/6351/10563/6347/4233/7422/3576",8,"CXCL10/CCR7/CCL4/CXCL13/CCL2/MET/VEGFA/CXCL8"
"GO:1990266","GO:1990266","neutrophil migration","7/97","93/18842",0.0752688172043011,14.6207737501386,9.47216639017095,5.08127243959159e-07,2.21848354712569e-05,1.61637950657324e-05,"3627/1236/10563/5142/2921/7130/3576",7,"CXCL10/CCR7/CXCL13/PDE4B/CXCL3/TNFAIP6/CXCL8"
"GO:0071675","GO:0071675","regulation of mononuclear cell migration","8/97","138/18842",0.0579710144927536,11.2607201553862,8.70252458623102,5.64013240948488e-07,2.41419785292265e-05,1.75897627878878e-05,"3627/3690/1236/6351/10563/6364/6347/1843",8,"CXCL10/ITGB3/CCR7/CCL4/CXCL13/CCL20/CCL2/DUSP1"
"GO:0050678","GO:0050678","regulation of epithelial cell proliferation","11/97","312/18842",0.0352564102564103,6.84846682527095,7.49336241469854,6.03920465626714e-07,2.53530457012138e-05,1.84721421773677e-05,"1960/374/3690/54567/654/283131/6347/3586/8013/3164/7422",11,"EGR3/AREG/ITGB3/DLL4/BMP6/NEAT1/CCL2/IL10/NR4A3/NR4A1/VEGFA"
"GO:0035767","GO:0035767","endothelial cell chemotaxis","5/97","33/18842",0.151515151515152,29.4314276788504,11.7589326928511,6.89908971208642e-07,2.84164393235559e-05,2.07041202680488e-05,"1960/10563/4233/3164/7422",5,"EGR3/CXCL13/MET/NR4A1/VEGFA"
"GO:2000401","GO:2000401","regulation of lymphocyte migration","6/97","65/18842",0.0923076923076923,17.9305313243458,9.83579078416686,1.02926093983687e-06,4.16088265122941e-05,3.03160483449026e-05,"3627/3690/6351/10563/6364/6347",6,"CXCL10/ITGB3/CCL4/CXCL13/CCL20/CCL2"
"GO:0072678","GO:0072678","T cell migration","6/97","68/18842",0.0882352941176471,17.1394784718011,9.59092877983427,1.3470626843533e-06,5.31043999849335e-05,3.86916837655735e-05,"6373/3627/3690/10563/6364/6347",6,"CXCL11/CXCL10/ITGB3/CXCL13/CCL20/CCL2"
"GO:0007249","GO:0007249","canonical NF-kappaB signal transduction","11/97","339/18842",0.0324483775811209,6.30301371529362,7.08755830470892,1.36227503396989e-06,5.31043999849335e-05,3.86916837655735e-05,"330/79931/10346/10135/1236/3656/602/24138/958/7422/3554",11,"BIRC3/TNIP3/TRIM22/NAMPT/CCR7/IRAK2/BCL3/IFIT5/CD40/VEGFA/IL1R1"
"GO:0071674","GO:0071674","mononuclear cell migration","9/97","212/18842",0.0424528301886792,8.24635284964015,7.63266321731402,1.48038305680024e-06,5.66960739121915e-05,4.13085650752568e-05,"6373/3627/3690/1236/6351/10563/6364/6347/1843",9,"CXCL11/CXCL10/ITGB3/CCR7/CCL4/CXCL13/CCL20/CCL2/DUSP1"
"GO:2000403","GO:2000403","positive regulation of lymphocyte migration","5/97","39/18842",0.128205128205128,24.903515728258,10.7491873332877,1.63329265896203e-06,6.12263110831958e-05,4.46092803465578e-05,"3627/3690/6351/10563/6364",5,"CXCL10/ITGB3/CCL4/CXCL13/CCL20"
"GO:0001819","GO:0001819","positive regulation of cytokine production","13/97","499/18842",0.0260521042084168,5.0605540978865,6.61295412872186,1.6547651644107e-06,6.12263110831958e-05,4.46092803465578e-05,"9636/9235/1236/3665/29126/64135/3586/5142/8013/4939/10148/941/3554",13,"ISG15/IL32/CCR7/IRF7/CD274/IFIH1/IL10/PDE4B/NR4A3/OAS2/EBI3/CD80/IL1R1"
"GO:0070372","GO:0070372","regulation of ERK1 and ERK2 cascade","10/97","283/18842",0.0353356890459364,6.86386652580962,7.14982031795935,1.98429529378447e-06,7.2195277105525e-05,5.26012313843567e-05,"6714/10135/467/3690/3624/1236/3084/57007/1843/7422",10,"SRC/NAMPT/ATF3/ITGB3/INHBA/CCR7/NRG1/ACKR3/DUSP1/VEGFA"
"GO:0070555","GO:0070555","response to interleukin-1","7/97","115/18842",0.0608695652173913,11.8237561631555,8.37506014181129,2.14349625264064e-06,7.67090544182708e-05,5.58899540593617e-05,"6714/3656/958/6347/3576/3554/8564",7,"SRC/IRAK2/CD40/CCL2/CXCL8/IL1R1/KMO"
"GO:0050673","GO:0050673","epithelial cell proliferation","11/97","356/18842",0.0308988764044944,6.00202710529364,6.85400923028006,2.18933848887233e-06,7.70859019549727e-05,5.61645238826163e-05,"1960/374/3690/54567/654/283131/6347/3586/8013/3164/7422",11,"EGR3/AREG/ITGB3/DLL4/BMP6/NEAT1/CCL2/IL10/NR4A3/NR4A1/VEGFA"
"GO:1903037","GO:1903037","regulation of leukocyte cell-cell adhesion","11/97","359/18842",0.0306406685236769,5.95187088992907,6.81436551415153,2.37398502987964e-06,8.08086018225813e-05,5.88768702432289e-05,"6714/1236/29126/259307/6347/3586/7412/8013/10148/941/3456",11,"SRC/CCR7/CD274/IL4I1/CCL2/IL10/VCAM1/NR4A3/EBI3/CD80/IFNB1"
"GO:0032609","GO:0032609","type II interferon production","7/97","117/18842",0.0598290598290598,11.6216406731871,8.29027128844572,2.40611961450654e-06,8.08086018225813e-05,5.88768702432289e-05,"9636/3624/1236/29126/5142/10148/3554",7,"ISG15/INHBA/CCR7/CD274/PDE4B/EBI3/IL1R1"
"GO:0032649","GO:0032649","regulation of type II interferon production","7/97","117/18842",0.0598290598290598,11.6216406731871,8.29027128844572,2.40611961450654e-06,8.08086018225813e-05,5.88768702432289e-05,"9636/3624/1236/29126/5142/10148/3554",7,"ISG15/INHBA/CCR7/CD274/PDE4B/EBI3/IL1R1"
"GO:0043123","GO:0043123","positive regulation of canonical NF-kappaB signal transduction","9/97","226/18842",0.0398230088495575,7.7355168324058,7.32785858774848,2.50832914201412e-06,8.29648866214671e-05,6.04479319550772e-05,"330/10346/10135/1236/3656/24138/958/7422/3554",9,"BIRC3/TRIM22/NAMPT/CCR7/IRAK2/IFIT5/CD40/VEGFA/IL1R1"
"GO:0001936","GO:0001936","regulation of endothelial cell proliferation","8/97","169/18842",0.0473372781065089,9.19514426889526,7.69817937964756,2.60294397726333e-06,8.48093537666544e-05,6.17918043934782e-05,"1960/3690/54567/654/6347/3586/3164/7422",8,"EGR3/ITGB3/DLL4/BMP6/CCL2/IL10/NR4A1/VEGFA"
"GO:0070371","GO:0070371","ERK1 and ERK2 cascade","10/97","300/18842",0.0333333333333333,6.47491408934708,6.87629923054225,3.34039916561501e-06,0.00010723663791967,7.81322467375277e-05,"6714/10135/467/3690/3624/1236/3084/57007/1843/7422",10,"SRC/NAMPT/ATF3/ITGB3/INHBA/CCR7/NRG1/ACKR3/DUSP1/VEGFA"
"GO:0035924","GO:0035924","cellular response to vascular endothelial growth factor stimulus","6/97","81/18842",0.0740740740740741,14.3886979763268,8.68656316612605,3.78501948087493e-06,0.000117761065461835,8.58003085627371e-05,"1960/3690/54567/7412/3164/7422",6,"EGR3/ITGB3/DLL4/VCAM1/NR4A1/VEGFA"
"GO:0002460","GO:0002460","adaptive immune response based on somatic recombination of immune receptors built from immunoglobulin superfamily domains","11/97","377/18842",0.0291777188328912,5.66769668298285,6.58557599252493,3.79711402172602e-06,0.000117761065461835,8.58003085627371e-05,"10563/29126/6775/259307/9021/958/3586/10148/941/3554/3456",11,"CXCL13/CD274/STAT4/IL4I1/SOCS3/CD40/IL10/EBI3/CD80/IL1R1/IFNB1"
"GO:0001906","GO:0001906","cell killing","9/97","238/18842",0.0378151260504202,7.34549077362904,7.08672613105509,3.83006671909769e-06,0.000117761065461835,8.58003085627371e-05,"6373/3627/2919/10563/6364/6355/2921/3576/2920",9,"CXCL11/CXCL10/CXCL1/CXCL13/CCL20/CCL8/CXCL3/CXCL8/CXCL2"
"GO:0048247","GO:0048247","lymphocyte chemotaxis","5/97","47/18842",0.106382978723404,20.6646194340864,9.70975852603848,4.2121372019376e-06,0.000127709659886525,9.30488203527444e-05,"6373/3627/6351/10563/6347",5,"CXCL11/CXCL10/CCL4/CXCL13/CCL2"
"GO:0001935","GO:0001935","endothelial cell proliferation","8/97","186/18842",0.043010752688172,8.35472785722204,7.25118411616967,5.29922996896433e-06,0.00015846875372944,0.000115459790672028,"1960/3690/54567/654/6347/3586/3164/7422",8,"EGR3/ITGB3/DLL4/BMP6/CCL2/IL10/NR4A1/VEGFA"
"GO:1901623","GO:1901623","regulation of lymphocyte chemotaxis","4/97","23/18842",0.173913043478261,33.7821604661587,11.316140688752,5.42119866673587e-06,0.000159925360668708,0.000116521069494138,"3627/6351/10563/6347",4,"CXCL10/CCL4/CXCL13/CCL2"
"GO:1903039","GO:1903039","positive regulation of leukocyte cell-cell adhesion","9/97","250/18842",0.036,6.99290721649485,6.86182475602899,5.71126706997513e-06,0.000166235946850076,0.00012111894095063,"6714/1236/29126/259307/6347/7412/8013/10148/941",9,"SRC/CCR7/CD274/IL4I1/CCL2/VCAM1/NR4A3/EBI3/CD80"
"GO:0070374","GO:0070374","positive regulation of ERK1 and ERK2 cascade","8/97","189/18842",0.0423280423280423,8.22211312932962,7.17820676069827,5.96203794360186e-06,0.000171251695143196,0.000124773397960975,"6714/10135/3690/3624/1236/3084/57007/7422",8,"SRC/NAMPT/ITGB3/INHBA/CCR7/NRG1/ACKR3/VEGFA"
"GO:0071347","GO:0071347","cellular response to interleukin-1","6/97","88/18842",0.0681818181818182,13.2441424554827,8.28166909238328,6.14004619404231e-06,0.000173464685022631,0.000126385774800104,"3656/958/6347/3576/3554/8564",6,"IRAK2/CD40/CCL2/CXCL8/IL1R1/KMO"
"GO:0002819","GO:0002819","regulation of adaptive immune response","8/97","190/18842",0.0421052631578947,8.17883884970157,7.15423861470189,6.19800523672249e-06,0.000173464685022631,0.000126385774800104,"3665/29126/259307/3586/10148/941/3554/3456",8,"IRF7/CD274/IL4I1/IL10/EBI3/CD80/IL1R1/IFNB1"
"GO:0002696","GO:0002696","positive regulation of leukocyte activation","10/97","325/18842",0.0307692307692308,5.97684377478192,6.51036735781578,6.77191268280551e-06,0.000185744432544337,0.000135332756744458,"6714/1236/29126/259307/6347/3586/7412/8013/10148/941",10,"SRC/CCR7/CD274/IL4I1/CCL2/IL10/VCAM1/NR4A3/EBI3/CD80"
"GO:0045088","GO:0045088","regulation of innate immune response","12/97","482/18842",0.024896265560166,4.83603541942935,6.13712414812141,6.80694209965506e-06,0.000185744432544337,0.000135332756744458,"6714/330/79931/8638/9636/653361/3656/3665/29126/64135/54625/3456",12,"SRC/BIRC3/TNIP3/OASL/ISG15/NCF1/IRAK2/IRF7/CD274/IFIH1/PARP14/IFNB1"
"GO:0043122","GO:0043122","regulation of canonical NF-kappaB signal transduction","10/97","326/18842",0.0306748466257669,5.95850989817216,6.49653104306522,6.95678899754025e-06,0.000186047208482045,0.000135553358254633,"330/79931/10346/10135/1236/3656/24138/958/7422/3554",10,"BIRC3/TNIP3/TRIM22/NAMPT/CCR7/IRAK2/IFIT5/CD40/VEGFA/IL1R1"
"GO:0007159","GO:0007159","leukocyte cell-cell adhesion","11/97","402/18842",0.027363184079602,5.31522798379238,6.29117017881855,6.98848882067232e-06,0.000186047208482045,0.000135553358254633,"6714/1236/29126/259307/6347/3586/7412/8013/10148/941/3456",11,"SRC/CCR7/CD274/IL4I1/CCL2/IL10/VCAM1/NR4A3/EBI3/CD80/IFNB1"
"GO:0070661","GO:0070661","leukocyte proliferation","9/97","261/18842",0.0344827586206897,6.69818698897974,6.66833682317709,8.08340806894673e-06,0.000212603371259165,0.000154902087408732,"29126/259307/958/6355/3586/7412/10148/941/3456",9,"CD274/IL4I1/CD40/CCL8/IL10/VCAM1/EBI3/CD80/IFNB1"
"GO:0042325","GO:0042325","regulation of phosphorylation","11/97","412/18842",0.0266990291262136,5.18621759583625,6.18020468286877,8.8085484798685e-06,0.000228917396804202,0.000166788430489741,"374/51191/57214/3624/3656/3084/3486/3586/54625/7422/941",11,"AREG/HERC5/CEMIP/INHBA/IRAK2/NRG1/IGFBP3/IL10/PARP14/VEGFA/CD80"
"GO:0050777","GO:0050777","negative regulation of immune response","8/97","202/18842",0.0396039603960396,7.69296723486782,6.87965324720899,9.70594836162713e-06,0.000249271591452141,0.000181618426927784,"6714/9636/29126/259307/54625/10148/941/3456",8,"SRC/ISG15/CD274/IL4I1/PARP14/EBI3/CD80/IFNB1"
"GO:0044344","GO:0044344","cellular response to fibroblast growth factor stimulus","6/97","96/18842",0.0625,12.1404639175258,7.8719024946317,1.01617096040149e-05,0.000257942000762379,0.000187935657425539,"1960/10563/54567/6347/3164/3576",6,"EGR3/CXCL13/DLL4/CCL2/NR4A1/CXCL8"
"GO:0050867","GO:0050867","positive regulation of cell activation","10/97","345/18842",0.0289855072463768,5.63036007769311,6.24408467499072,1.14014473960012e-05,0.000286084593855984,0.000208440254269302,"6714/1236/29126/259307/6347/3586/7412/8013/10148/941",10,"SRC/CCR7/CD274/IL4I1/CCL2/IL10/VCAM1/NR4A3/EBI3/CD80"
"GO:0050863","GO:0050863","regulation of T cell activation","10/97","346/18842",0.0289017341040462,5.61408736070556,6.23132027503688,1.16913223541694e-05,0.000290024507944906,0.000211310862166865,"6714/1236/29126/259307/6347/3586/7412/10148/941/3456",10,"SRC/CCR7/CD274/IL4I1/CCL2/IL10/VCAM1/EBI3/CD80/IFNB1"
"GO:0043410","GO:0043410","positive regulation of MAPK cascade","11/97","428/18842",0.0257009345794393,4.99234030253396,6.00994486191233,1.25831700414883e-05,0.000308641125849089,0.000224874866146526,"6714/10135/3690/3624/1236/3084/958/57007/10148/7422/3554",11,"SRC/NAMPT/ITGB3/INHBA/CCR7/NRG1/CD40/ACKR3/EBI3/VEGFA/IL1R1"
"GO:0001938","GO:0001938","positive regulation of endothelial cell proliferation","6/97","100/18842",0.06,11.6548453608247,7.68483069067865,1.28522841296025e-05,0.000311739291721357,0.00022713217917929,"1960/3690/654/3586/3164/7422",6,"EGR3/ITGB3/BMP6/IL10/NR4A1/VEGFA"
"GO:0030098","GO:0030098","lymphocyte differentiation","10/97","356/18842",0.0280898876404494,5.45638827753967,6.10634963485982,1.49584430384036e-05,0.000358838254426759,0.000261448321932075,"3624/1236/54567/6775/259307/9021/3586/7412/941/3456",10,"INHBA/CCR7/DLL4/STAT4/IL4I1/SOCS3/IL10/VCAM1/CD80/IFNB1"
"GO:0071774","GO:0071774","response to fibroblast growth factor","6/97","103/18842",0.058252427184466,11.3153838454609,7.55137294176603,1.52261060013349e-05,0.000359063304882993,0.000261612292922922,"1960/10563/54567/6347/3164/3576",6,"EGR3/CXCL13/DLL4/CCL2/NR4A1/CXCL8"
"GO:0042088","GO:0042088","T-helper 1 type immune response","5/97","61/18842",0.0819672131147541,15.9219198918371,8.39702381413713,1.54326993665388e-05,0.000359063304882993,0.000261612292922922,"6775/3586/10148/941/3554",5,"STAT4/IL10/EBI3/CD80/IL1R1"
"GO:0070106","GO:0070106","interleukin-27-mediated signaling pathway","3/97","10/18842",0.3,58.2742268041237,13.0318517786753,1.54612691978934e-05,0.000359063304882993,0.000261612292922922,"8638/4939/10148",3,"OASL/OAS2/EBI3"
"GO:0002710","GO:0002710","negative regulation of T cell mediated immunity","4/97","30/18842",0.133333333333333,25.8996563573883,9.81819413751169,1.6320699273553e-05,0.000375032489622802,0.000273247386175497,"29126/259307/941/3456",4,"CD274/IL4I1/CD80/IFNB1"
"GO:0002823","GO:0002823","negative regulation of adaptive immune response based on somatic recombination of immune receptors built from immunoglobulin superfamily domains","5/97","62/18842",0.0806451612903226,15.6651147322913,8.32010170894476,1.67184095288375e-05,0.000380169666681795,0.00027699031576835,"29126/259307/10148/941/3456",5,"CD274/IL4I1/EBI3/CD80/IFNB1"
"GO:0140888","GO:0140888","interferon-mediated signaling pathway","6/97","105/18842",0.0571428571428571,11.099852724595,7.46542920961461,1.69965800780172e-05,0.000382510662992903,0.000278695957654737,"8638/9636/3665/54625/4939/3456",6,"OASL/ISG15/IRF7/PARP14/OAS2/IFNB1"
"GO:0051251","GO:0051251","positive regulation of lymphocyte activation","9/97","289/18842",0.0311418685121107,6.0492276959298,6.22245729003818,1.82213461128266e-05,0.000405889781268372,0.000295729903077132,"6714/1236/29126/259307/6347/3586/7412/10148/941",9,"SRC/CCR7/CD274/IL4I1/CCL2/IL10/VCAM1/EBI3/CD80"
"GO:0002820","GO:0002820","negative regulation of adaptive immune response","5/97","65/18842",0.0769230769230769,14.9421094369548,8.09966733380973,2.10817716601789e-05,0.000454207228792369,0.000330933829691284,"29126/259307/10148/941/3456",5,"CD274/IL4I1/EBI3/CD80/IFNB1"
"GO:0042436","GO:0042436","indole-containing compound catabolic process","3/97","11/18842",0.272727272727273,52.9765698219307,12.4040179320535,2.1179804286184e-05,0.000454207228792369,0.000330933829691284,"8942/259307/8564",3,"KYNU/IL4I1/KMO"
"GO:2000406","GO:2000406","positive regulation of T cell migration","4/97","32/18842",0.125,24.2809278350515,9.48147699303784,2.12472454493551e-05,0.000454207228792369,0.000330933829691284,"3627/3690/10563/6364",4,"CXCL10/ITGB3/CXCL13/CCL20"
"GO:0051249","GO:0051249","regulation of lymphocyte activation","11/97","453/18842",0.0242825607064018,4.7168248332992,5.76019596052706,2.12951568820317e-05,0.000454207228792369,0.000330933829691284,"6714/3624/1236/29126/259307/6347/3586/7412/10148/941/3456",11,"SRC/INHBA/CCR7/CD274/IL4I1/CCL2/IL10/VCAM1/EBI3/CD80/IFNB1"
"GO:0007162","GO:0007162","negative regulation of cell adhesion","9/97","295/18842",0.0305084745762712,5.92619255635156,6.13452125004022,2.14307579320266e-05,0.000454207228792369,0.000330933829691284,"6714/654/29126/259307/3586/1843/7422/941/3456",9,"SRC/BMP6/CD274/IL4I1/IL10/DUSP1/VEGFA/CD80/IFNB1"
"GO:0050870","GO:0050870","positive regulation of T cell activation","8/97","226/18842",0.0353982300884956,6.87601496213849,6.39276951916774,2.18703964278072e-05,0.000459068032710606,0.000334475394761302,"6714/1236/29126/259307/6347/7412/10148/941",8,"SRC/CCR7/CD274/IL4I1/CCL2/VCAM1/EBI3/CD80"
"GO:0046651","GO:0046651","lymphocyte proliferation","8/97","227/18842",0.0352422907488987,6.84572414732731,6.37404089511745,2.25743051204894e-05,0.000469330553124079,0.000341952631950471,"29126/259307/958/3586/7412/10148/941/3456",8,"CD274/IL4I1/CD40/IL10/VCAM1/EBI3/CD80/IFNB1"
"GO:0032943","GO:0032943","mononuclear cell proliferation","8/97","230/18842",0.0347826086956522,6.75643209323173,6.3185278115259,2.48012049553579e-05,0.00051076443790138,0.000372141218347028,"29126/259307/958/3586/7412/10148/941/3456",8,"CD274/IL4I1/CD40/IL10/VCAM1/EBI3/CD80/IFNB1"
"GO:0071357","GO:0071357","cellular response to type I interferon","6/97","116/18842",0.0517241379310345,10.0472804834696,7.03104146460975,2.99453162886179e-05,0.000610940424841615,0.000445129098987719,"8638/9636/3665/4939/3434/3456",6,"OASL/ISG15/IRF7/OAS2/IFIT1/IFNB1"
"GO:0001541","GO:0001541","ovarian follicle development","4/97","35/18842",0.114285714285714,22.19970544919,9.03023819942336,3.05735034827153e-05,0.000617981093544144,0.00045025890606611,"3624/7130/7422/4327",4,"INHBA/TNFAIP6/VEGFA/MMP19"
"GO:0050918","GO:0050918","positive chemotaxis","5/97","71/18842",0.0704225352112676,13.6793959634093,7.69979484048953,3.24312513427915e-05,0.000649517630103798,0.000473236318483419,"3627/6347/4233/7422/3576",5,"CXCL10/CCL2/MET/VEGFA/CXCL8"
"GO:0002695","GO:0002695","negative regulation of leukocyte activation","7/97","176/18842",0.0397727272727273,7.72574976569822,6.44861616907271,3.48795935193786e-05,0.000692201387752758,0.000504335557969196,"6714/3624/29126/259307/3586/941/3456",7,"SRC/INHBA/CD274/IL4I1/IL10/CD80/IFNB1"
"GO:0002822","GO:0002822","regulation of adaptive immune response based on somatic recombination of immune receptors built from immunoglobulin superfamily domains","7/97","178/18842",0.0393258426966292,7.63894358855554,6.40179460648978,3.74883049207783e-05,0.00073365149003754,0.000534535960386105,"29126/259307/3586/10148/941/3554/3456",7,"CD274/IL4I1/IL10/EBI3/CD80/IL1R1/IFNB1"
"GO:2001233","GO:2001233","regulation of apoptotic signaling pathway","9/97","317/18842",0.028391167192429,5.51491105401802,5.83169552520004,3.76403879451235e-05,0.00073365149003754,0.000534535960386105,"6714/467/4929/3624/3084/57007/3586/6615/3456",9,"SRC/ATF3/NR4A2/INHBA/NRG1/ACKR3/IL10/SNAI1/IFNB1"
"GO:0034340","GO:0034340","response to type I interferon","6/97","122/18842",0.0491803278688525,9.55315193510225,6.81786345957282,3.97953266629219e-05,0.000768789363762465,0.000560137294715184,"8638/9636/3665/4939/3434/3456",6,"OASL/ISG15/IRF7/OAS2/IFIT1/IFNB1"
"GO:0003158","GO:0003158","endothelium development","6/97","125/18842",0.048,9.3238762886598,6.71672585592354,4.56117030915633e-05,0.000873424103937568,0.000636373807676382,"3627/3084/54567/654/4233/7422",6,"CXCL10/NRG1/DLL4/BMP6/MET/VEGFA"
"GO:0007369","GO:0007369","gastrulation","6/97","127/18842",0.047244094488189,9.17704359120058,6.65117503787944,4.985390931621e-05,0.000946357252498143,0.000689512649673166,"3690/3624/3586/1843/8013/6615",6,"ITGB3/INHBA/IL10/DUSP1/NR4A3/SNAI1"
"GO:0031334","GO:0031334","positive regulation of protein-containing complex assembly","7/97","188/18842",0.0372340425531915,7.23261680193025,6.17815050782199,5.30562543563838e-05,0.000998463821206774,0.000727477316991796,"6714/9636/1236/1440/10563/3084/7422",7,"SRC/ISG15/CCR7/CSF3/CXCL13/NRG1/VEGFA"
"GO:0070664","GO:0070664","negative regulation of leukocyte proliferation","5/97","79/18842",0.0632911392405063,12.2941406759755,7.23620261626809,5.43458959726757e-05,0.00101399222998591,0.000738791262390581,"29126/259307/6355/3586/941",5,"CD274/IL4I1/CCL8/IL10/CD80"
"GO:0032102","GO:0032102","negative regulation of response to external stimulus","10/97","416/18842",0.0240384615384615,4.66940919904837,5.44405365488328,5.61524737839441e-05,0.00103335941962456,0.000752902130362715,"6714/9636/10563/6347/3586/1843/7130/8013/54625/3554",10,"SRC/ISG15/CXCL13/CCL2/IL10/DUSP1/TNFAIP6/NR4A3/PARP14/IL1R1"
"GO:0071360","GO:0071360","cellular response to exogenous dsRNA","3/97","15/18842",0.2,38.8494845360825,10.5489724248227,5.75372674883062e-05,0.00103335941962456,0.000752902130362715,"64135/3434/3456",3,"IFIH1/IFIT1/IFNB1"
"GO:0002224","GO:0002224","toll-like receptor signaling pathway","5/97","80/18842",0.0625,12.1404639175258,7.1829662122616,5.77343441139654e-05,0.00103335941962456,0.000752902130362715,"330/79931/3656/3665/29126",5,"BIRC3/TNIP3/IRAK2/IRF7/CD274"
"GO:0060337","GO:0060337","type I interferon-mediated signaling pathway","5/97","80/18842",0.0625,12.1404639175258,7.1829662122616,5.77343441139654e-05,0.00103335941962456,0.000752902130362715,"8638/9636/3665/4939/3456",5,"OASL/ISG15/IRF7/OAS2/IFNB1"
"GO:0031295","GO:0031295","T cell costimulation","4/97","41/18842",0.0975609756097561,18.9509680663817,8.27721902939328,5.77507325671996e-05,0.00103335941962456,0.000752902130362715,"6714/1236/29126/941",4,"SRC/CCR7/CD274/CD80"
"GO:0031294","GO:0031294","lymphocyte costimulation","4/97","42/18842",0.0952380952380952,18.4997545409917,8.16719259862318,6.3578821967416e-05,0.00111034054683895,0.000808990315728552,"6714/1236/29126/941",4,"SRC/CCR7/CD274/CD80"
"GO:0032728","GO:0032728","positive regulation of interferon-beta production","4/97","42/18842",0.0952380952380952,18.4997545409917,8.16719259862318,6.3578821967416e-05,0.00111034054683895,0.000808990315728552,"9636/3665/64135/4939",4,"ISG15/IRF7/IFIH1/OAS2"
"GO:0050922","GO:0050922","negative regulation of chemotaxis","4/97","42/18842",0.0952380952380952,18.4997545409917,8.16719259862318,6.3578821967416e-05,0.00111034054683895,0.000808990315728552,"10563/6347/1843/7130",4,"CXCL13/CCL2/DUSP1/TNFAIP6"
"GO:0022408","GO:0022408","negative regulation of cell-cell adhesion","7/97","194/18842",0.0360824742268041,7.00892762248911,6.05169214853009,6.47011902181287e-05,0.00112097379560456,0.000816737664324081,"654/29126/259307/3586/7422/941/3456",7,"BMP6/CD274/IL4I1/IL10/VEGFA/CD80/IFNB1"
"GO:0002833","GO:0002833","positive regulation of response to biotic stimulus","10/97","424/18842",0.0235849056603774,4.58130713868897,5.36535400515586,6.58152457862182e-05,0.00113129670512846,0.000824258900812066,"6714/330/79931/8638/3656/3665/654/29126/64135/3456",10,"SRC/BIRC3/TNIP3/OASL/IRAK2/IRF7/BMP6/CD274/IFIH1/IFNB1"
"GO:0030217","GO:0030217","T cell differentiation","8/97","265/18842",0.030188679245283,5.86407313752188,5.73628026983576,6.75969525503551e-05,0.00115284490169863,0.000839958842957127,"1236/54567/6775/259307/9021/3586/941/3456",8,"CCR7/DLL4/STAT4/IL4I1/SOCS3/IL10/CD80/IFNB1"
"GO:0019674","GO:0019674","NAD+ metabolic process","4/97","43/18842",0.0930232558139535,18.0695276912011,8.0608989671061,6.98241777683076e-05,0.00117566644103977,0.000856586538279573,"10135/8942/54625/8564",4,"NAMPT/KYNU/PARP14/KMO"
"GO:0002756","GO:0002756","MyD88-independent toll-like receptor signaling pathway","3/97","16/18842",0.1875,36.4213917525773,10.1962788673304,7.05507575704122e-05,0.00117566644103977,0.000856586538279573,"79931/3665/29126",3,"TNIP3/IRF7/CD274"
"GO:0006568","GO:0006568","L-tryptophan metabolic process","3/97","16/18842",0.1875,36.4213917525773,10.1962788673304,7.05507575704122e-05,0.00117566644103977,0.000856586538279573,"8942/259307/8564",3,"KYNU/IL4I1/KMO"
"GO:0050866","GO:0050866","negative regulation of cell activation","7/97","198/18842",0.0353535353535354,6.86733312506508,5.97033793717198,7.35672274715658e-05,0.00121664589068506,0.000886444024796937,"6714/3624/29126/259307/3586/941/3456",7,"SRC/INHBA/CD274/IL4I1/IL10/CD80/IFNB1"
"GO:2000404","GO:2000404","regulation of T cell migration","4/97","44/18842",0.0909090909090909,17.6588566073102,7.95812625896607,7.65047218149238e-05,0.00125571284001488,0.000914908070141274,"3627/3690/10563/6364",4,"CXCL10/ITGB3/CXCL13/CCL20"
"GO:0002573","GO:0002573","myeloid leukocyte differentiation","7/97","201/18842",0.0348258706467662,6.76483561573575,5.91078922453202,8.08483846461447e-05,0.00131710465434727,0.000959637935587782,"6714/3624/1236/1440/3665/7130/7422",7,"SRC/INHBA/CCR7/CSF3/IRF7/TNFAIP6/VEGFA"
"GO:0071359","GO:0071359","cellular response to dsRNA","3/97","18/18842",0.166666666666667,32.3745704467354,9.57972855919113,0.000102036718553848,0.00164997153039297,0.00120216360027185,"64135/3434/3456",3,"IFIH1/IFIT1/IFNB1"
"GO:0051924","GO:0051924","regulation of calcium ion transport","7/97","211/18842",0.033175355450237,6.4442272927151,5.72077033057199,0.000109488984036979,0.00175745920700534,0.00128047875294021,"6373/3627/3690/57214/6351/6347/5142",7,"CXCL11/CXCL10/ITGB3/CEMIP/CCL4/CCL2/PDE4B"
"GO:0042129","GO:0042129","regulation of T cell proliferation","6/97","148/18842",0.0405405405405405,7.87489551407077,6.04005592977444,0.000116495634381664,0.00185627715222754,0.00135247716904107,"29126/259307/3586/7412/10148/941",6,"CD274/IL4I1/IL10/VCAM1/EBI3/CD80"
"GO:0051928","GO:0051928","positive regulation of calcium ion transport","5/97","93/18842",0.0537634408602151,10.4434098215275,6.56714154136607,0.000118407678513968,0.00187156214268252,0.00136361376068341,"6373/3627/57214/6351/6347",5,"CXCL11/CXCL10/CEMIP/CCL4/CCL2"
"GO:0001932","GO:0001932","regulation of protein phosphorylation","9/97","369/18842",0.024390243902439,4.73774201659542,5.21613604625182,0.000120579966441738,0.00187156214268252,0.00136361376068341,"51191/57214/3656/3084/3486/3586/54625/7422/941",9,"HERC5/CEMIP/IRAK2/NRG1/IGFBP3/IL10/PARP14/VEGFA/CD80"
"GO:0009435","GO:0009435","NAD+ biosynthetic process","3/97","19/18842",0.157894736842105,30.6706456863809,9.30795974407588,0.000120716588753279,0.00187156214268252,0.00136361376068341,"10135/8942/8564",3,"NAMPT/KYNU/KMO"
"GO:0051250","GO:0051250","negative regulation of lymphocyte activation","6/97","149/18842",0.0402684563758389,7.82204386632533,6.01399770992058,0.000120884224515911,0.00187156214268252,0.00136361376068341,"3624/29126/259307/3586/941/3456",6,"INHBA/CD274/IL4I1/IL10/CD80/IFNB1"
"GO:0043542","GO:0043542","endothelial cell migration","8/97","290/18842",0.0275862068965517,5.35854959118379,5.38072432909519,0.00012636099802231,0.0019425778780472,0.00141535558199933,"1960/3690/10563/54567/958/4233/3164/7422",8,"EGR3/ITGB3/CXCL13/DLL4/CD40/MET/NR4A1/VEGFA"
"GO:0002221","GO:0002221","pattern recognition receptor signaling pathway","8/97","291/18842",0.0274914089347079,5.34013533142027,5.36736615034889,0.000129389090783261,0.00197521947678223,0.00143913813892902,"6714/330/79931/8638/3656/3665/29126/64135",8,"SRC/BIRC3/TNIP3/OASL/IRAK2/IRF7/CD274/IFIH1"
"GO:0071622","GO:0071622","regulation of granulocyte chemotaxis","4/97","51/18842",0.0784313725490196,15.2350919749343,7.32260383704655,0.000137007933900271,0.00207700222016869,0.00151329669680782,"1236/6347/7130/3576",4,"CCR7/CCL2/TNFAIP6/CXCL8"
"GO:0002689","GO:0002689","negative regulation of leukocyte chemotaxis","3/97","20/18842",0.15,29.1371134020619,9.05642455933378,0.000141489830783017,0.00213015379723673,0.0015520227536344,"6347/1843/7130",3,"CCL2/DUSP1/TNFAIP6"
"GO:1903706","GO:1903706","regulation of hemopoiesis","9/97","382/18842",0.0235602094240838,4.57650995843904,5.08007812572595,0.000156419492476545,0.0023387928224404,0.00170403643209849,"9636/3624/1440/3665/259307/3586/7130/941/3456",9,"ISG15/INHBA/CSF3/IRF7/IL4I1/IL10/TNFAIP6/CD80/IFNB1"
"GO:0070663","GO:0070663","regulation of leukocyte proliferation","7/97","224/18842",0.03125,6.07023195876289,5.49136667865489,0.000158549490738756,0.00235451386586873,0.00171549073044225,"29126/259307/6355/3586/7412/10148/941",7,"CD274/IL4I1/CCL8/IL10/VCAM1/EBI3/CD80"
"GO:0048245","GO:0048245","eosinophil chemotaxis","3/97","21/18842",0.142857142857143,27.7496318114875,8.82269423340664,0.000164455938808668,0.00242572509742785,0.0017673749896152,"6351/6355/6347",3,"CCL4/CCL8/CCL2"
"GO:0002709","GO:0002709","regulation of T cell mediated immunity","5/97","100/18842",0.05,9.71237113402062,6.28381687504114,0.00016673544710481,0.00244284215456242,0.00177984641875923,"29126/259307/941/3554/3456",5,"CD274/IL4I1/CD80/IL1R1/IFNB1"
"GO:0050731","GO:0050731","positive regulation of peptidyl-tyrosine phosphorylation","4/97","54/18842",0.0740740740740741,14.3886979763268,7.08745098602322,0.000171350952616141,0.00249372753040691,0.00181692132914379,"3084/3586/54625/941",4,"NRG1/IL10/PARP14/CD80"
"GO:0010562","GO:0010562","positive regulation of phosphorus metabolic process","8/97","305/18842",0.0262295081967213,5.09501436538787,5.186575973369,0.000178484315421931,0.00256336355635576,0.00186765789890954,"6714/374/57214/3084/3586/54625/7422/941",8,"SRC/AREG/CEMIP/NRG1/IL10/PARP14/VEGFA/CD80"
"GO:0045937","GO:0045937","positive regulation of phosphate metabolic process","8/97","305/18842",0.0262295081967213,5.09501436538787,5.186575973369,0.000178484315421931,0.00256336355635576,0.00186765789890954,"6714/374/57214/3084/3586/54625/7422/941",8,"SRC/AREG/CEMIP/NRG1/IL10/PARP14/VEGFA/CD80"
"GO:0002758","GO:0002758","innate immune response-activating signaling pathway","8/97","306/18842",0.0261437908496732,5.07836399164477,5.17408794334459,0.000182508807822629,0.00260403089854117,0.00189728798500167,"6714/330/79931/8638/3656/3665/29126/64135",8,"SRC/BIRC3/TNIP3/OASL/IRAK2/IRF7/CD274/IFIH1"
"GO:0002768","GO:0002768","immune response-regulating cell surface receptor signaling pathway","9/97","392/18842",0.0229591836734694,4.45976225541763,4.97950558938639,0.000189698334982226,0.00265353769529779,0.00193335846738914,"6714/79931/1236/3656/29126/958/5142/8013/941",9,"SRC/TNIP3/CCR7/IRAK2/CD274/CD40/PDE4B/NR4A3/CD80"
"GO:0019359","GO:0019359","nicotinamide nucleotide biosynthetic process","3/97","22/18842",0.136363636363636,26.4882849109653,8.60473031574935,0.00018971275553613,0.00265353769529779,0.00193335846738914,"10135/8942/8564",3,"NAMPT/KYNU/KMO"
"GO:0019363","GO:0019363","pyridine nucleotide biosynthetic process","3/97","22/18842",0.136363636363636,26.4882849109653,8.60473031574935,0.00018971275553613,0.00265353769529779,0.00193335846738914,"10135/8942/8564",3,"NAMPT/KYNU/KMO"
"GO:0042098","GO:0042098","T cell proliferation","6/97","162/18842",0.037037037037037,7.19434898816342,5.69586727234893,0.000190840777902773,0.00265353769529779,0.00193335846738914,"29126/259307/3586/7412/10148/941",6,"CD274/IL4I1/IL10/VCAM1/EBI3/CD80"
"GO:0043065","GO:0043065","positive regulation of apoptotic process","10/97","484/18842",0.0206611570247934,4.01337650166141,4.83123891628865,0.00019449578473837,0.00268724239293584,0.00195791559453483,"467/3624/29126/958/3486/6347/3586/1843/3433/3456",10,"ATF3/INHBA/CD274/CD40/IGFBP3/CCL2/IL10/DUSP1/IFIT2/IFNB1"
"GO:0045089","GO:0045089","positive regulation of innate immune response","9/97","396/18842",0.0227272727272727,4.41471415182755,4.94021630581611,0.000204568295888669,0.00280863264103751,0.00204636011312664,"6714/330/79931/8638/3656/3665/29126/64135/3456",9,"SRC/BIRC3/TNIP3/OASL/IRAK2/IRF7/CD274/IFIH1/IFNB1"
"GO:0030522","GO:0030522","intracellular receptor signaling pathway","9/97","399/18842",0.0225563909774436,4.38152081234013,4.91108950198184,0.000216347582936488,0.00292894577550775,0.00213401985041937,"6714/330/8638/4929/3656/3665/64135/8013/3164",9,"SRC/BIRC3/OASL/NR4A2/IRAK2/IRF7/IFIH1/NR4A3/NR4A1"
"GO:0009074","GO:0009074","aromatic amino acid family catabolic process","3/97","23/18842",0.130434782608696,25.336620349619,8.40080750777022,0.000217356489066539,0.00292894577550775,0.00213401985041937,"8942/259307/8564",3,"KYNU/IL4I1/KMO"
"GO:0038128","GO:0038128","ERBB2 signaling pathway","3/97","23/18842",0.130434782608696,25.336620349619,8.40080750777022,0.000217356489066539,0.00292894577550775,0.00213401985041937,"6714/374/3084",3,"SRC/AREG/NRG1"
"GO:0002707","GO:0002707","negative regulation of lymphocyte mediated immunity","4/97","58/18842",0.0689655172413793,13.3963739779595,6.80157899232426,0.000226290822426315,0.00297586063467859,0.00216820185596806,"29126/259307/941/3456",4,"CD274/IL4I1/CD80/IFNB1"
"GO:0008585","GO:0008585","female gonad development","4/97","58/18842",0.0689655172413793,13.3963739779595,6.80157899232426,0.000226290822426315,0.00297586063467859,0.00216820185596806,"3624/7130/7422/4327",4,"INHBA/TNFAIP6/VEGFA/MMP19"
"GO:0032608","GO:0032608","interferon-beta production","4/97","58/18842",0.0689655172413793,13.3963739779595,6.80157899232426,0.000226290822426315,0.00297586063467859,0.00216820185596806,"9636/3665/64135/4939",4,"ISG15/IRF7/IFIH1/OAS2"
"GO:0032648","GO:0032648","regulation of interferon-beta production","4/97","58/18842",0.0689655172413793,13.3963739779595,6.80157899232426,0.000226290822426315,0.00297586063467859,0.00216820185596806,"9636/3665/64135/4939",4,"ISG15/IRF7/IFIH1/OAS2"
"GO:0042113","GO:0042113","B cell activation","7/97","238/18842",0.0294117647058824,5.71315949060036,5.26371745124541,0.000229925089499765,0.00300554772681429,0.00218983176951872,"3624/259307/958/3586/7412/10148/3456",7,"INHBA/IL4I1/CD40/IL10/VCAM1/EBI3/IFNB1"
"GO:0002698","GO:0002698","negative regulation of immune effector process","5/97","108/18842",0.0462962962962963,8.99293623520428,5.99236263962606,0.000239000227077864,0.00308882151398451,0.00225050476535458,"29126/259307/3586/941/3456",5,"CD274/IL4I1/IL10/CD80/IFNB1"
"GO:0002706","GO:0002706","regulation of lymphocyte mediated immunity","6/97","169/18842",0.0355029585798817,6.89635820167145,5.53879488069608,0.000239930003741461,0.00308882151398451,0.00225050476535458,"29126/259307/3586/941/3554/3456",6,"CD274/IL4I1/IL10/CD80/IL1R1/IFNB1"
"GO:0042130","GO:0042130","negative regulation of T cell proliferation","4/97","59/18842",0.0677966101694915,13.1693167918924,6.73449202439114,0.000241796117910964,0.00308882151398451,0.00225050476535458,"29126/259307/3586/941",4,"CD274/IL4I1/IL10/CD80"
"GO:0042327","GO:0042327","positive regulation of phosphorylation","7/97","240/18842",0.0291666666666667,5.66554982817869,5.2326748888186,0.000241955327023065,0.00308882151398451,0.00225050476535458,"374/57214/3084/3586/54625/7422/941",7,"AREG/CEMIP/NRG1/IL10/PARP14/VEGFA/CD80"
"GO:0072677","GO:0072677","eosinophil migration","3/97","24/18842",0.125,24.2809278350515,8.20945436312991,0.000247481729611705,0.00312284748984018,0.00227529597470816,"6351/6355/6347",3,"CCL4/CCL8/CCL2"
"GO:2001026","GO:2001026","regulation of endothelial cell chemotaxis","3/97","24/18842",0.125,24.2809278350515,8.20945436312991,0.000247481729611705,0.00312284748984018,0.00227529597470816,"10563/4233/7422",3,"CXCL13/MET/VEGFA"
"GO:0046545","GO:0046545","development of primary female sexual characteristics","4/97","60/18842",0.0666666666666667,12.9498281786942,6.66901182419072,0.000258051170336672,0.00323750405083308,0.00235883435195833,"3624/7130/7422/4327",4,"INHBA/TNFAIP6/VEGFA/MMP19"
"GO:0002218","GO:0002218","activation of innate immune response","8/97","326/18842",0.0245398773006135,4.76680791853773,4.93518921582973,0.000280098437991839,0.00347520534336994,0.00253202269876412,"6714/330/79931/8638/3656/3665/29126/64135",8,"SRC/BIRC3/TNIP3/OASL/IRAK2/IRF7/CD274/IFIH1"
"GO:0072525","GO:0072525","pyridine-containing compound biosynthetic process","3/97","25/18842",0.12,23.3096907216495,8.02940716368706,0.000280181466071053,0.00347520534336994,0.00253202269876412,"10135/8942/8564",3,"NAMPT/KYNU/KMO"
"GO:0006816","GO:0006816","calcium ion transport","9/97","416/18842",0.0216346153846154,4.20246827914354,4.7512850690625,0.000294287079502066,0.00362954064719215,0.00264447087200489,"6373/3627/3690/57214/1236/6351/6355/6347/5142",9,"CXCL11/CXCL10/ITGB3/CEMIP/CCR7/CCL4/CCL8/CCL2/PDE4B"
"GO:0045577","GO:0045577","regulation of B cell differentiation","3/97","26/18842",0.115384615384615,22.4131641554322,7.85957364490822,0.000315547102471093,0.00386988384659773,0.0028195841030977,"3624/259307/3586",3,"INHBA/IL4I1/IL10"
"GO:0051209","GO:0051209","release of sequestered calcium ion into cytosol","5/97","116/18842",0.0431034482758621,8.37273373622467,5.72967718881234,0.000332941201670175,0.00406039465500554,0.00295838962495522,"6373/3627/3690/57214/1236",5,"CXCL11/CXCL10/ITGB3/CEMIP/CCR7"
"GO:0002429","GO:0002429","immune response-activating cell surface receptor signaling pathway","8/97","336/18842",0.0238095238095238,4.62493863524791,4.82290978543191,0.000342931433079652,0.0041589962134049,0.0030302303823588,"6714/79931/1236/3656/29126/5142/8013/941",8,"SRC/TNIP3/CCR7/IRAK2/CD274/PDE4B/NR4A3/CD80"
"GO:0002704","GO:0002704","negative regulation of leukocyte mediated immunity","4/97","65/18842",0.0615384615384615,11.9536875495638,6.36354388345261,0.00035131371490854,0.00421889770124558,0.0030738744010329,"29126/259307/941/3456",4,"CD274/IL4I1/CD80/IFNB1"
"GO:0010818","GO:0010818","T cell chemotaxis","3/97","27/18842",0.111111111111111,21.5830469644903,7.6990041773632,0.000353668474268411,0.00421889770124558,0.0030738744010329,"6373/3627/10563",3,"CXCL11/CXCL10/CXCL13"
"GO:0046426","GO:0046426","negative regulation of receptor signaling pathway via JAK-STAT","3/97","27/18842",0.111111111111111,21.5830469644903,7.6990041773632,0.000353668474268411,0.00421889770124558,0.0030738744010329,"602/9021/54625",3,"BCL3/SOCS3/PARP14"
"GO:0043434","GO:0043434","response to peptide hormone","9/97","427/18842",0.0210772833723653,4.09420797218668,4.65235339151716,0.000356164329159132,0.00422558005736079,0.00307874314278861,"6714/374/3690/4929/3624/6775/3586/8013/3164",9,"SRC/AREG/ITGB3/NR4A2/INHBA/STAT4/IL10/NR4A3/NR4A1"
"GO:0046631","GO:0046631","alpha-beta T cell activation","6/97","183/18842",0.0327868852459016,6.36876795673483,5.24990102450005,0.000367669001094286,0.00432486259792112,0.00315108006146,"29126/6775/9021/3586/10148/941",6,"CD274/STAT4/SOCS3/IL10/EBI3/CD80"
"GO:0050727","GO:0050727","regulation of inflammatory response","9/97","429/18842",0.020979020979021,4.07512075553313,4.63472172479752,0.000368494935049624,0.00432486259792112,0.00315108006146,"6714/330/653361/1236/283131/3586/7130/8013/3554",9,"SRC/BIRC3/NCF1/CCR7/NEAT1/IL10/TNFAIP6/NR4A3/IL1R1"
"GO:0072577","GO:0072577","endothelial cell apoptotic process","4/97","66/18842",0.0606060606060606,11.7725710715401,6.30644942202107,0.000372513479299953,0.00432551556016914,0.00315155580751528,"3690/958/6347/3586",4,"ITGB3/CD40/CCL2/IL10"
"GO:2000106","GO:2000106","regulation of leukocyte apoptotic process","4/97","66/18842",0.0606060606060606,11.7725710715401,6.30644942202107,0.000372513479299953,0.00432551556016914,0.00315155580751528,"1236/3665/29126/3586",4,"CCR7/IRF7/CD274/IL10"
"GO:0030879","GO:0030879","mammary gland development","4/97","67/18842",0.0597014925373134,11.596861055547,6.25057237224042,0.000394612750808529,0.00451039647246624,0.0032862594063681,"6714/3084/4939/7422",4,"SRC/NRG1/OAS2/VEGFA"
"GO:0007595","GO:0007595","lactation","3/97","28/18842",0.107142857142857,20.8122238586156,7.54686865790563,0.000394633864517202,0.00451039647246624,0.0032862594063681,"6714/4939/7422",3,"SRC/OAS2/VEGFA"
"GO:0042430","GO:0042430","indole-containing compound metabolic process","3/97","28/18842",0.107142857142857,20.8122238586156,7.54686865790563,0.000394633864517202,0.00451039647246624,0.0032862594063681,"8942/259307/8564",3,"KYNU/IL4I1/KMO"
"GO:0018108","GO:0018108","peptidyl-tyrosine phosphorylation","5/97","122/18842",0.040983606557377,7.96095994591854,5.54870003700696,0.000419984472884613,0.00477513595993286,0.00347914768930181,"6714/3084/3586/54625/941",5,"SRC/NRG1/IL10/PARP14/CD80"
"GO:0002697","GO:0002697","regulation of immune effector process","8/97","347/18842",0.0230547550432277,4.47832674767521,4.70438726366853,0.000424887056708675,0.004805846864223,0.00350152354887815,"653361/29126/259307/3586/8013/941/3554/3456",8,"NCF1/CD274/IL4I1/IL10/NR4A3/CD80/IL1R1/IFNB1"
"GO:0002286","GO:0002286","T cell activation involved in immune response","5/97","123/18842",0.040650406504065,7.89623669432571,5.51973861209615,0.000436015010820604,0.00490629262175969,0.00357470798345053,"6775/9021/3586/941/3456",5,"STAT4/SOCS3/IL10/CD80/IFNB1"
"GO:0033631","GO:0033631","cell-cell adhesion mediated by integrin","3/97","29/18842",0.103448275862069,20.0945609669392,7.40243781977875,0.000438530019902319,0.00490928735100904,0.00357688993291447,"3690/10563/7412",3,"ITGB3/CXCL13/VCAM1"
"GO:0046660","GO:0046660","female sex differentiation","4/97","69/18842",0.0579710144927536,11.2607201553862,6.14229495996494,0.000441597094065665,0.00491840028747626,0.00358352958718163,"3624/7130/7422/4327",4,"INHBA/TNFAIP6/VEGFA/MMP19"
"GO:0002456","GO:0002456","T cell mediated immunity","5/97","124/18842",0.0403225806451613,7.83255736614566,5.49110220662171,0.000452502955306276,0.00498895935067475,0.00363493867872293,"29126/259307/941/3554/3456",5,"CD274/IL4I1/CD80/IL1R1/IFNB1"
"GO:0018212","GO:0018212","peptidyl-tyrosine modification","5/97","124/18842",0.0403225806451613,7.83255736614566,5.49110220662171,0.000452502955306276,0.00498895935067475,0.00363493867872293,"6714/3084/3586/54625/941",5,"SRC/NRG1/IL10/PARP14/CD80"
"GO:0002753","GO:0002753","cytoplasmic pattern recognition receptor signaling pathway","6/97","191/18842",0.031413612565445,6.10201327791871,5.09802929378085,0.000461508872113119,0.00506268275287908,0.00368865329681525,"6714/330/8638/3656/3665/64135",6,"SRC/BIRC3/OASL/IRAK2/IRF7/IFIH1"
"GO:0050672","GO:0050672","negative regulation of lymphocyte proliferation","4/97","70/18842",0.0571428571428571,11.099852724595,6.08981231012173,0.000466526011449505,0.00506679742783218,0.0036916512348793,"29126/259307/3586/941",4,"CD274/IL4I1/IL10/CD80"
"GO:0051279","GO:0051279","regulation of release of sequestered calcium ion into cytosol","4/97","70/18842",0.0571428571428571,11.099852724595,6.08981231012173,0.000466526011449505,0.00506679742783218,0.0036916512348793,"6373/3627/3690/57214",4,"CXCL11/CXCL10/ITGB3/CEMIP"
"GO:0050868","GO:0050868","negative regulation of T cell activation","5/97","125/18842",0.04,7.76989690721649,5.46278440737844,0.000469456757481888,0.00507338664149981,0.00369645211336703,"29126/259307/3586/941/3456",5,"CD274/IL4I1/IL10/CD80/IFNB1"
"GO:0032607","GO:0032607","interferon-alpha production","3/97","30/18842",0.1,19.4247422680412,7.26506799631271,0.000485442166638849,0.0051693670720615,0.00376638312601438,"3665/64135/3586",3,"IRF7/IFIH1/IL10"
"GO:0032647","GO:0032647","regulation of interferon-alpha production","3/97","30/18842",0.1,19.4247422680412,7.26506799631271,0.000485442166638849,0.0051693670720615,0.00376638312601438,"3665/64135/3586",3,"IRF7/IFIH1/IL10"
"GO:0051281","GO:0051281","positive regulation of release of sequestered calcium ion into cytosol","3/97","30/18842",0.1,19.4247422680412,7.26506799631271,0.000485442166638849,0.0051693670720615,0.00376638312601438,"6373/3627/57214",3,"CXCL11/CXCL10/CEMIP"
"GO:0032945","GO:0032945","negative regulation of mononuclear cell proliferation","4/97","71/18842",0.0563380281690141,10.9435167707275,6.03838221856285,0.000492442116530503,0.00521845213779654,0.00380214633662539,"29126/259307/3586/941",4,"CD274/IL4I1/IL10/CD80"
"GO:0035710","GO:0035710","CD4-positive, alpha-beta T cell activation","5/97","127/18842",0.0393700787401575,7.64753632600049,5.40707985493319,0.000504796035098805,0.00532352533633184,0.00387870230884462,"29126/6775/9021/3586/941",5,"CD274/STAT4/SOCS3/IL10/CD80"
"GO:0060759","GO:0060759","regulation of response to cytokine stimulus","6/97","196/18842",0.0306122448979592,5.94634967389017,5.00743280408174,0.000529022727662254,0.00555219526195529,0.00404531043268049,"9636/3656/64135/958/54625/3554",6,"ISG15/IRAK2/IFIH1/CD40/PARP14/IL1R1"
"GO:0002366","GO:0002366","leukocyte activation involved in immune response","7/97","274/18842",0.0255474452554745,4.96252539694484,4.75291334122886,0.000536869243966189,0.00560758640946502,0.00408566823285274,"6775/9021/3586/8013/941/3554/3456",7,"STAT4/SOCS3/IL10/NR4A3/CD80/IL1R1/IFNB1"
"GO:0050670","GO:0050670","regulation of lymphocyte proliferation","6/97","198/18842",0.0303030303030303,5.88628553577007,4.97206742556298,0.000558084974399047,0.00580142618625296,0.00422689922965895,"29126/259307/3586/7412/10148/941",6,"CD274/IL4I1/IL10/VCAM1/EBI3/CD80"
"GO:2001234","GO:2001234","negative regulation of apoptotic signaling pathway","6/97","199/18842",0.0301507537688442,5.85670621146972,4.95456569356112,0.000573074182209994,0.00592900919319629,0.0043198557711115,"6714/4929/3084/57007/3586/6615",6,"SRC/NR4A2/NRG1/ACKR3/IL10/SNAI1"
"GO:0030099","GO:0030099","myeloid cell differentiation","8/97","364/18842",0.021978021978022,4.26917412484423,4.53060690805531,0.000582343611685393,0.0059768289088236,0.00435469705197216,"6714/9636/3624/1236/1440/3665/7130/7422",8,"SRC/ISG15/INHBA/CCR7/CSF3/IRF7/TNFAIP6/VEGFA"
"GO:0032944","GO:0032944","regulation of mononuclear cell proliferation","6/97","200/18842",0.03,5.82742268041237,4.93718262645567,0.000588374658959079,0.0059768289088236,0.00435469705197216,"29126/259307/3586/7412/10148/941",6,"CD274/IL4I1/IL10/VCAM1/EBI3/CD80"
"GO:0022602","GO:0022602","ovulation cycle process","3/97","32/18842",0.09375,18.2106958762887,7.00929181780786,0.000588647831148453,0.0059768289088236,0.00435469705197216,"3624/7130/4327",3,"INHBA/TNFAIP6/MMP19"
"GO:0090022","GO:0090022","regulation of neutrophil chemotaxis","3/97","32/18842",0.09375,18.2106958762887,7.00929181780786,0.000588647831148453,0.0059768289088236,0.00435469705197216,"1236/7130/3576",3,"CCR7/TNFAIP6/CXCL8"
"GO:0002263","GO:0002263","cell activation involved in immune response","7/97","279/18842",0.025089605734767,4.87359125004619,4.68907230885148,0.000597615059226458,0.00603978552912666,0.0044005670296841,"6775/9021/3586/8013/941/3554/3456",7,"STAT4/SOCS3/IL10/NR4A3/CD80/IL1R1/IFNB1"
"GO:0031623","GO:0031623","receptor internalization","5/97","132/18842",0.0378787878787879,7.35785691971259,5.27297778318199,0.000601899521003162,0.00605505370668158,0.00441169137150511,"3690/3084/57007/7422/3576",5,"ITGB3/NRG1/ACKR3/VEGFA/CXCL8"
"GO:0042100","GO:0042100","B cell proliferation","4/97","75/18842",0.0533333333333333,10.3598625429553,5.842487542619,0.000606421439101729,0.00607255964017924,0.00442444613463406,"958/3586/10148/3456",4,"CD40/IL10/EBI3/IFNB1"
"GO:0032729","GO:0032729","positive regulation of type II interferon production","4/97","76/18842",0.0526315789473684,10.223548562127,5.79580944615308,0.00063760625515366,0.00635568244292438,0.00463072843805422,"9636/5142/10148/3554",4,"ISG15/PDE4B/EBI3/IL1R1"
"GO:0008406","GO:0008406","gonad development","5/97","135/18842",0.037037037037037,7.19434898816342,5.19583798316507,0.000666517498264283,0.00661367135777695,0.00481869827692503,"3624/10046/7130/7422/4327",5,"INHBA/MAMLD1/TNFAIP6/VEGFA/MMP19"
"GO:1903169","GO:1903169","regulation of calcium ion transmembrane transport","5/97","136/18842",0.0367647058823529,7.14144936325046,5.17064812651906,0.000689169855311006,0.006807501330968,0.00495992213086416,"6373/3627/3690/57214/5142",5,"CXCL11/CXCL10/ITGB3/CEMIP/PDE4B"
"GO:0002825","GO:0002825","regulation of T-helper 1 type immune response","3/97","34/18842",0.0882352941176471,17.1394784718011,6.77567812527178,0.000704902854239028,0.00693154473335045,0.00505029972856886,"10148/941/3554",3,"EBI3/CD80/IL1R1"
"GO:0032479","GO:0032479","regulation of type I interferon production","5/97","137/18842",0.0364963503649635,7.08932199563549,5.14571212911642,0.000712393862384258,0.00694265982850372,0.00505839814879048,"9636/3665/64135/3586/4939",5,"ISG15/IRF7/IFIH1/IL10/OAS2"
"GO:0032606","GO:0032606","type I interferon production","5/97","137/18842",0.0364963503649635,7.08932199563549,5.14571212911642,0.000712393862384258,0.00694265982850372,0.00505839814879048,"9636/3665/64135/3586/4939",5,"ISG15/IRF7/IFIH1/IL10/OAS2"
"GO:0045137","GO:0045137","development of primary sexual characteristics","5/97","138/18842",0.036231884057971,7.03795009711639,5.12102546164934,0.000736198673843801,0.00714276313333786,0.00520419273065723,"3624/10046/7130/7422/4327",5,"INHBA/MAMLD1/TNFAIP6/VEGFA/MMP19"
"GO:0043330","GO:0043330","response to exogenous dsRNA","3/97","35/18842",0.0857142857142857,16.6497790868925,6.66618851199148,0.000768121230872432,0.0074085708638418,0.00539785933180556,"64135/3434/3456",3,"IFIH1/IFIT1/IFNB1"
"GO:0032481","GO:0032481","positive regulation of type I interferon production","4/97","80/18842",0.05,9.71237113402062,5.61742023919702,0.000773776526319711,0.0074085708638418,0.00539785933180556,"9636/3665/64135/4939",4,"ISG15/IRF7/IFIH1/OAS2"
"GO:0050730","GO:0050730","regulation of peptidyl-tyrosine phosphorylation","4/97","80/18842",0.05,9.71237113402062,5.61742023919702,0.000773776526319711,0.0074085708638418,0.00539785933180556,"3084/3586/54625/941",4,"NRG1/IL10/PARP14/CD80"
"GO:0002287","GO:0002287","alpha-beta T cell activation involved in immune response","4/97","81/18842",0.0493827160493827,9.59246531755123,5.57477604361743,0.000810789143698024,0.00772905109472832,0.0056313601292931,"6775/9021/3586/941",4,"STAT4/SOCS3/IL10/CD80"
"GO:1902105","GO:1902105","regulation of leukocyte differentiation","7/97","295/18842",0.023728813559322,4.60926087716233,4.49456396489082,0.000829596743105294,0.00787395517477764,0.005736936745227,"3624/3665/259307/3586/7130/941/3456",7,"INHBA/IRF7/IL4I1/IL10/TNFAIP6/CD80/IFNB1"
"GO:0045063","GO:0045063","T-helper 1 cell differentiation","3/97","36/18842",0.0833333333333333,16.1872852233677,6.56112487067827,0.000834835900084784,0.00787960162009306,0.00574105072592551,"6775/3586/941",3,"STAT4/IL10/CD80"
"GO:0031960","GO:0031960","response to corticosteroid","5/97","142/18842",0.0352112676056338,6.83969798170466,5.02468539852387,0.000837410708136321,0.00787960162009306,0.00574105072592551,"374/3624/654/3586/1843",5,"AREG/INHBA/BMP6/IL10/DUSP1"
"GO:1903038","GO:1903038","negative regulation of leukocyte cell-cell adhesion","5/97","144/18842",0.0347222222222222,6.74470217640321,4.97790158587692,0.00089174299984698,0.00835482819169939,0.0060872991767282,"29126/259307/3586/941/3456",5,"CD274/IL4I1/IL10/CD80/IFNB1"
"GO:0031348","GO:0031348","negative regulation of defense response","7/97","300/18842",0.0233333333333333,4.53243986254295,4.43662002952774,0.000915089466543939,0.00853692438233085,0.00621997383692259,"6714/9636/3586/7130/8013/54625/3554",7,"SRC/ISG15/IL10/TNFAIP6/NR4A3/PARP14/IL1R1"
"GO:0018193","GO:0018193","peptidyl-amino acid modification","8/97","391/18842",0.020460358056266,3.97437181954808,4.27532172401244,0.000926879426946788,0.00861011825116952,0.00627330263882014,"6714/55214/57214/3084/64135/3586/54625/941",8,"SRC/P3H2/CEMIP/NRG1/IFIH1/IL10/PARP14/CD80"
"GO:0001934","GO:0001934","positive regulation of protein phosphorylation","6/97","219/18842",0.0273972602739726,5.32184719672363,4.62766340907963,0.000944316072093116,0.00869806744885769,0.00633738212273017,"57214/3084/3586/54625/7422/941",6,"CEMIP/NRG1/IL10/PARP14/VEGFA/CD80"
"GO:0002703","GO:0002703","regulation of leukocyte mediated immunity","6/97","219/18842",0.0273972602739726,5.32184719672363,4.62766340907963,0.000944316072093116,0.00869806744885769,0.00633738212273017,"29126/259307/3586/941/3554/3456",6,"CD274/IL4I1/IL10/CD80/IL1R1/IFNB1"
"GO:0046425","GO:0046425","regulation of receptor signaling pathway via JAK-STAT","4/97","85/18842",0.0470588235294118,9.14105518496058,5.41132467285351,0.000971395361153012,0.00887261955396245,0.006464560188074,"602/9021/3586/54625",4,"BCL3/SOCS3/IL10/PARP14"
"GO:0071887","GO:0071887","leukocyte apoptotic process","4/97","85/18842",0.0470588235294118,9.14105518496058,5.41132467285351,0.000971395361153012,0.00887261955396245,0.006464560188074,"1236/3665/29126/3586",4,"CCR7/IRF7/CD274/IL10"
"GO:0002292","GO:0002292","T cell differentiation involved in immune response","4/97","86/18842",0.0465116279069767,9.03476384560057,5.37214034376847,0.00101479861724041,0.00923043908931586,0.00672526627478182,"6775/9021/3586/941",4,"STAT4/SOCS3/IL10/CD80"
"GO:0032733","GO:0032733","positive regulation of interleukin-10 production","3/97","39/18842",0.0769230769230769,14.9421094369548,6.26963614318281,0.00105670085918502,0.00947947777082452,0.00690671500432329,"9636/29126/10148",3,"ISG15/CD274/EBI3"
"GO:0043331","GO:0043331","response to dsRNA","3/97","39/18842",0.0769230769230769,14.9421094369548,6.26963614318281,0.00105670085918502,0.00947947777082452,0.00690671500432329,"64135/3434/3456",3,"IFIH1/IFIT1/IFNB1"
"GO:1904893","GO:1904893","negative regulation of receptor signaling pathway via STAT","3/97","39/18842",0.0769230769230769,14.9421094369548,6.26963614318281,0.00105670085918502,0.00947947777082452,0.00690671500432329,"602/9021/54625",3,"BCL3/SOCS3/PARP14"
"GO:0042102","GO:0042102","positive regulation of T cell proliferation","4/97","87/18842",0.0459770114942529,8.93091598530632,5.33358917757792,0.00105954767571286,0.00947947777082452,0.00690671500432329,"29126/7412/10148/941",4,"CD274/VCAM1/EBI3/CD80"
"GO:0003222","GO:0003222","ventricular trabecula myocardium morphogenesis","2/97","10/18842",0.2,38.8494845360825,8.61205641518978,0.00114905550901567,0.0101554177173328,0.00739920253195258,"3084/54567",2,"NRG1/DLL4"
"GO:0034354","GO:0034354","'de novo' NAD+ biosynthetic process from L-tryptophan","2/97","10/18842",0.2,38.8494845360825,8.61205641518978,0.00114905550901567,0.0101554177173328,0.00739920253195258,"8942/8564",2,"KYNU/KMO"
"GO:0035747","GO:0035747","natural killer cell chemotaxis","2/97","10/18842",0.2,38.8494845360825,8.61205641518978,0.00114905550901567,0.0101554177173328,0.00739920253195258,"6351/6347",2,"CCL4/CCL2"
"GO:0001704","GO:0001704","formation of primary germ layer","4/97","90/18842",0.0444444444444444,8.6332187857961,5.22156017759587,0.00120209519179069,0.0105530086282337,0.00768888590653185,"3690/3624/1843/6615",4,"ITGB3/INHBA/DUSP1/SNAI1"
"GO:0046496","GO:0046496","nicotinamide nucleotide metabolic process","5/97","154/18842",0.0324675324675325,6.30673450261079,4.7566525284455,0.00120371010005964,0.0105530086282337,0.00768888590653185,"6714/10135/8942/54625/8564",5,"SRC/NAMPT/KYNU/PARP14/KMO"
"GO:1902622","GO:1902622","regulation of neutrophil migration","3/97","41/18842",0.0731707317073171,14.2132260497863,6.09263888691274,0.00122343061356156,0.0106829961176195,0.00778359434564846,"1236/7130/3576",3,"CCR7/TNFAIP6/CXCL8"
"GO:0008630","GO:0008630","intrinsic apoptotic signaling pathway in response to DNA damage","4/97","91/18842",0.043956043956044,8.53834824968846,5.18537053448663,0.00125245292832116,0.0108928475797813,0.00793649140152351,"330/602/57007/6615",4,"BIRC3/BCL3/ACKR3/SNAI1"
"GO:0048545","GO:0048545","response to steroid hormone","7/97","317/18842",0.0220820189274448,4.28937526423623,4.24872932814007,0.00125899900955458,0.0109063287216573,0.00794631371527556,"6714/374/3624/654/3586/1843/8013",7,"SRC/AREG/INHBA/BMP6/IL10/DUSP1/NR4A3"
"GO:0009072","GO:0009072","aromatic amino acid metabolic process","3/97","42/18842",0.0714285714285714,13.8748159057437,6.00871863246532,0.00131264998214572,0.0113261458933759,0.00825219106728597,"8942/259307/8564",3,"KYNU/IL4I1/KMO"
"GO:0010594","GO:0010594","regulation of endothelial cell migration","6/97","234/18842",0.0256410256410256,4.9807031456516,4.40770978334518,0.00132724861382003,0.0114070225353115,0.00831111751132227,"3690/10563/54567/958/4233/7422",6,"ITGB3/CXCL13/DLL4/CD40/MET/VEGFA"
"GO:0048732","GO:0048732","gland development","6/97","236/18842",0.0254237288135593,4.93849379695964,4.37980503499273,0.0013861371054962,0.0117520508172991,0.00856250393468133,"6714/3084/3586/4939/4233/7422",6,"SRC/NRG1/IL10/OAS2/MET/VEGFA"
"GO:0002835","GO:0002835","negative regulation of response to tumor cell","2/97","11/18842",0.181818181818182,35.3177132146204,8.18979650945751,0.00139969455451111,0.0117520508172991,0.00856250393468133,"29126/259307",2,"CD274/IL4I1"
"GO:0002838","GO:0002838","negative regulation of immune response to tumor cell","2/97","11/18842",0.181818181818182,35.3177132146204,8.18979650945751,0.00139969455451111,0.0117520508172991,0.00856250393468133,"29126/259307",2,"CD274/IL4I1"
"GO:0033625","GO:0033625","positive regulation of integrin activation","2/97","11/18842",0.181818181818182,35.3177132146204,8.18979650945751,0.00139969455451111,0.0117520508172991,0.00856250393468133,"6714/10563",2,"SRC/CXCL13"
"GO:0039530","GO:0039530","MDA-5 signaling pathway","2/97","11/18842",0.181818181818182,35.3177132146204,8.18979650945751,0.00139969455451111,0.0117520508172991,0.00856250393468133,"3665/64135",2,"IRF7/IFIH1"
"GO:2000048","GO:2000048","negative regulation of cell-cell adhesion mediated by cadherin","2/97","11/18842",0.181818181818182,35.3177132146204,8.18979650945751,0.00139969455451111,0.0117520508172991,0.00856250393468133,"654/7422",2,"BMP6/VEGFA"
"GO:0042093","GO:0042093","T-helper cell differentiation","4/97","94/18842",0.0425531914893617,8.26584777363457,5.08004861788537,0.00141236680929645,0.0118130143474872,0.00860692175376868,"6775/9021/3586/941",4,"STAT4/SOCS3/IL10/CD80"
"GO:0007204","GO:0007204","positive regulation of cytosolic calcium ion concentration","5/97","160/18842",0.03125,6.07023195876289,4.63309553373919,0.00142593401722369,0.0118809693114478,0.00865643350753315,"1236/10563/57007/6347/3576",5,"CCR7/CXCL13/ACKR3/CCL2/CXCL8"
"GO:0002367","GO:0002367","cytokine production involved in immune response","4/97","96/18842",0.0416666666666667,8.09364261168385,5.01240014637933,0.00152656769255188,0.0126230957304574,0.00919714427211277,"3586/8013/3554/3456",4,"IL10/NR4A3/IL1R1/IFNB1"
"GO:0002718","GO:0002718","regulation of cytokine production involved in immune response","4/97","96/18842",0.0416666666666667,8.09364261168385,5.01240014637933,0.00152656769255188,0.0126230957304574,0.00919714427211277,"3586/8013/3554/3456",4,"IL10/NR4A3/IL1R1/IFNB1"
"GO:0010959","GO:0010959","regulation of metal ion transport","7/97","332/18842",0.0210843373493976,4.09557818904484,4.09357479606195,0.00164006738228936,0.0135104418699535,0.00984366162716673,"6373/3627/3690/57214/6351/6347/5142",7,"CXCL11/CXCL10/ITGB3/CEMIP/CCL4/CCL2/PDE4B"
"GO:0002443","GO:0002443","leukocyte mediated immunity","8/97","429/18842",0.0186480186480186,3.62232956047389,3.95228960086804,0.00167115124159449,0.0136605209996825,0.00995300876655505,"29126/259307/958/3586/8013/941/3554/3456",8,"CD274/IL4I1/CD40/IL10/NR4A3/CD80/IL1R1/IFNB1"
"GO:0050930","GO:0050930","induction of positive chemotaxis","2/97","12/18842",0.166666666666667,32.3745704467354,7.82056934201764,0.00167400661823809,0.0136605209996825,0.00995300876655505,"7422/3576",2,"VEGFA/CXCL8"
"GO:0072524","GO:0072524","pyridine-containing compound metabolic process","5/97","166/18842",0.0301204819277108,5.85082598434977,4.51567758560032,0.00167705892254462,0.0136605209996825,0.00995300876655505,"6714/10135/8942/54625/8564",5,"SRC/NAMPT/KYNU/PARP14/KMO"
"GO:0048608","GO:0048608","reproductive structure development","5/97","167/18842",0.029940119760479,5.81579109821594,4.49666661006009,0.0017218757896116,0.0139734380993388,0.0101809990925578,"3624/10046/7130/7422/4327",5,"INHBA/MAMLD1/TNFAIP6/VEGFA/MMP19"
"GO:0051701","GO:0051701","biological process involved in interaction with host","5/97","168/18842",0.0297619047619048,5.78117329405989,4.47780903394239,0.00176756625450525,0.0142376067852013,0.0103734714913997,"6714/3690/941/3576/3434",5,"SRC/ITGB3/CD80/CXCL8/IFIT1"
"GO:0061458","GO:0061458","reproductive system development","5/97","168/18842",0.0297619047619048,5.78117329405989,4.47780903394239,0.00176756625450525,0.0142376067852013,0.0103734714913997,"3624/10046/7130/7422/4327",5,"INHBA/MAMLD1/TNFAIP6/VEGFA/MMP19"
"GO:0002042","GO:0002042","cell migration involved in sprouting angiogenesis","4/97","100/18842",0.04,7.76989690721649,4.88280305940364,0.00177399406576948,0.0142376067852013,0.0103734714913997,"1960/54567/3164/7422",4,"EGR3/DLL4/NR4A1/VEGFA"
"GO:0007548","GO:0007548","sex differentiation","5/97","169/18842",0.029585798816568,5.74696516805954,4.45910263122034,0.00181414053044316,0.0144996348424076,0.0105643842355416,"3624/10046/7130/7422/4327",5,"INHBA/MAMLD1/TNFAIP6/VEGFA/MMP19"
"GO:0048008","GO:0048008","platelet-derived growth factor receptor signaling pathway","3/97","47/18842",0.0638297872340425,12.3987716604519,5.62834794171444,0.00181992668200627,0.0144996348424076,0.0105643842355416,"8013/7422/3554",3,"NR4A3/VEGFA/IL1R1"
"GO:0002449","GO:0002449","lymphocyte mediated immunity","7/97","339/18842",0.0206489675516224,4.01100872791412,4.02425885747444,0.00184611283252172,0.0146547793214361,0.0106774219710634,"29126/259307/958/3586/941/3554/3456",7,"CD274/IL4I1/CD40/IL10/CD80/IL1R1/IFNB1"
"GO:2001243","GO:2001243","negative regulation of intrinsic apoptotic signaling pathway","4/97","102/18842",0.0392156862745098,7.61754598746715,4.82066974916402,0.00190757529772158,0.0150878147642254,0.0109929301100584,"6714/57007/3586/6615",4,"SRC/ACKR3/IL10/SNAI1"
"GO:0042698","GO:0042698","ovulation cycle","3/97","48/18842",0.0625,12.1404639175258,5.55916293807298,0.0019340587613928,0.0152420587585577,0.0111053117555179,"3624/7130/4327",3,"INHBA/TNFAIP6/MMP19"
"GO:0000101","GO:0000101","sulfur amino acid transport","2/97","13/18842",0.153846153846154,29.8842188739096,7.49400183725856,0.00197174638634074,0.0153178731721773,0.0111605498773585,"124935/23657",2,"SLC43A2/SLC7A11"
"GO:0010819","GO:0010819","regulation of T cell chemotaxis","2/97","13/18842",0.153846153846154,29.8842188739096,7.49400183725856,0.00197174638634074,0.0153178731721773,0.0111605498773585,"3627/10563",2,"CXCL10/CXCL13"
"GO:0035771","GO:0035771","interleukin-4-mediated signaling pathway","2/97","13/18842",0.153846153846154,29.8842188739096,7.49400183725856,0.00197174638634074,0.0153178731721773,0.0111605498773585,"958/54625",2,"CD40/PARP14"
"GO:0070230","GO:0070230","positive regulation of lymphocyte apoptotic process","2/97","13/18842",0.153846153846154,29.8842188739096,7.49400183725856,0.00197174638634074,0.0153178731721773,0.0111605498773585,"29126/3586",2,"CD274/IL10"
"GO:0045446","GO:0045446","endothelial cell differentiation","4/97","104/18842",0.0384615384615385,7.4710547184774,4.76020048290645,0.00204797101011752,0.0157218698199087,0.011454900449831,"3084/654/4233/7422",4,"NRG1/BMP6/MET/VEGFA"
"GO:1904892","GO:1904892","regulation of receptor signaling pathway via STAT","4/97","104/18842",0.0384615384615385,7.4710547184774,4.76020048290645,0.00204797101011752,0.0157218698199087,0.011454900449831,"602/9021/3586/54625",4,"BCL3/SOCS3/IL10/PARP14"
"GO:0002686","GO:0002686","negative regulation of leukocyte migration","3/97","49/18842",0.0612244897959184,11.8926993477803,5.49200114864558,0.00205255744327713,0.0157218698199087,0.011454900449831,"6347/1843/7130",3,"CCL2/DUSP1/TNFAIP6"
"GO:0070741","GO:0070741","response to interleukin-6","3/97","49/18842",0.0612244897959184,11.8926993477803,5.49200114864558,0.00205255744327713,0.0157218698199087,0.011454900449831,"6714/6775/9021",3,"SRC/STAT4/SOCS3"
"GO:0043270","GO:0043270","positive regulation of monoatomic ion transport","5/97","174/18842",0.028735632183908,5.58182249081645,4.36776342534922,0.00206062785071651,0.0157284985948047,0.0114597301524941,"6373/3627/57214/6351/6347",5,"CXCL11/CXCL10/CEMIP/CCL4/CCL2"
"GO:0031401","GO:0031401","positive regulation of protein modification process","7/97","346/18842",0.0202312138728324,3.92986115249389,3.95677449847555,0.00207175669612704,0.0157583444865691,0.0114814757669098,"330/57214/3084/3586/54625/7422/941",7,"BIRC3/CEMIP/NRG1/IL10/PARP14/VEGFA/CD80"
"GO:0097553","GO:0097553","calcium ion transmembrane import into cytosol","5/97","176/18842",0.0284090909090909,5.51839268978444,4.33221293872194,0.00216576894251495,0.0164162277830213,0.0119608072812138,"6373/3627/3690/57214/1236",5,"CXCL11/CXCL10/ITGB3/CEMIP/CCR7"
"GO:0043114","GO:0043114","regulation of vascular permeability","3/97","50/18842",0.06,11.6548453608247,5.42676194399312,0.00217548068628543,0.016432783177028,0.0119728694845285,"6714/654/7422",3,"SRC/BMP6/VEGFA"
"GO:0043367","GO:0043367","CD4-positive, alpha-beta T cell differentiation","4/97","107/18842",0.0373831775700935,7.26158589459486,4.6724482728951,0.00227172568751088,0.0169657609457524,0.0123611952595568,"6775/9021/3586/941",4,"STAT4/SOCS3/IL10/CD80"
"GO:0050864","GO:0050864","regulation of B cell activation","4/97","107/18842",0.0373831775700935,7.26158589459486,4.6724482728951,0.00227172568751088,0.0169657609457524,0.0123611952595568,"3624/259307/3586/10148",4,"INHBA/IL4I1/IL10/EBI3"
"GO:0045765","GO:0045765","regulation of angiogenesis","7/97","352/18842",0.0198863636363636,3.86287488284911,3.90032111396529,0.00228169716362077,0.0169657609457524,0.0123611952595568,"3627/3690/10563/958/3586/7422/3576",7,"CXCL10/ITGB3/CXCL13/CD40/IL10/VEGFA/CXCL8"
"GO:0002544","GO:0002544","chronic inflammatory response","2/97","14/18842",0.142857142857143,27.7496318114875,7.20236043178984,0.00229267039807465,0.0169657609457524,0.0123611952595568,"10563/7412",2,"CXCL13/VCAM1"
"GO:0044342","GO:0044342","type B pancreatic cell proliferation","2/97","14/18842",0.142857142857143,27.7496318114875,7.20236043178984,0.00229267039807465,0.0169657609457524,0.0123611952595568,"8013/3164",2,"NR4A3/NR4A1"
"GO:1900748","GO:1900748","positive regulation of vascular endothelial growth factor signaling pathway","2/97","14/18842",0.142857142857143,27.7496318114875,7.20236043178984,0.00229267039807465,0.0169657609457524,0.0123611952595568,"3690/7422",2,"ITGB3/VEGFA"
"GO:0030225","GO:0030225","macrophage differentiation","3/97","51/18842",0.0588235294117647,11.4263189812007,5.36335160408151,0.0023028852333095,0.0169837785956576,0.0123743228575059,"3624/1440/7422",3,"INHBA/CSF3/VEGFA"
"GO:0043534","GO:0043534","blood vessel endothelial cell migration","5/97","179/18842",0.0279329608938547,5.42590566146403,4.2798944599946,0.0023307525639538,0.017131423727647,0.0124818965944859,"1960/54567/958/3164/7422",5,"EGR3/DLL4/CD40/NR4A1/VEGFA"
"GO:0048598","GO:0048598","embryonic morphogenesis","7/97","354/18842",0.019774011299435,3.84105073096861,3.88177870354532,0.00235521461495009,0.0172531325652216,0.0125705732362755,"3690/3624/54567/3586/1843/8013/6615",7,"ITGB3/INHBA/DLL4/IL10/DUSP1/NR4A3/SNAI1"
"GO:0034341","GO:0034341","response to type II interferon","4/97","109/18842",0.036697247706422,7.12834578643715,4.61581042763899,0.00242992374711438,0.0177408814045174,0.0129259453683853,"8942/958/6347/54625",4,"KYNU/CD40/CCL2/PARP14"
"GO:0044403","GO:0044403","biological process involved in symbiotic interaction","5/97","181/18842",0.0276243093922652,5.36595090277382,4.24566572812157,0.00244571058076662,0.0177966206593785,0.0129665567983802,"6714/3690/941/3576/3434",5,"SRC/ITGB3/CD80/CXCL8/IFIT1"
"GO:0001959","GO:0001959","regulation of cytokine-mediated signaling pathway","5/97","184/18842",0.0271739130434783,5.27846257283729,4.19526330969642,0.00262580883716011,0.0189327642902582,0.0137943471526775,"9636/3656/958/54625/3554",5,"ISG15/IRAK2/CD40/PARP14/IL1R1"
"GO:0032695","GO:0032695","negative regulation of interleukin-12 production","2/97","15/18842",0.133333333333333,25.8996563573883,6.93974545548296,0.00263653703354947,0.0189327642902582,0.0137943471526775,"1236/3586",2,"CCR7/IL10"
"GO:0043650","GO:0043650","dicarboxylic acid biosynthetic process","2/97","15/18842",0.133333333333333,25.8996563573883,6.93974545548296,0.00263653703354947,0.0189327642902582,0.0137943471526775,"8942/8564",2,"KYNU/KMO"
"GO:2001028","GO:2001028","positive regulation of endothelial cell chemotaxis","2/97","15/18842",0.133333333333333,25.8996563573883,6.93974545548296,0.00263653703354947,0.0189327642902582,0.0137943471526775,"4233/7422",2,"MET/VEGFA"
"GO:1901342","GO:1901342","regulation of vasculature development","7/97","362/18842",0.0193370165745856,3.75616563194168,3.80893651646852,0.00266776522198127,0.0190942015724102,0.0139119698029809,"3627/3690/10563/958/3586/7422/3576",7,"CXCL10/ITGB3/CXCL13/CD40/IL10/VEGFA/CXCL8"
"GO:0045766","GO:0045766","positive regulation of angiogenesis","5/97","185/18842",0.027027027027027,5.24993034271385,4.1787067044421,0.00268792622061221,0.019175630521557,0.0139712986561577,"3690/958/3586/7422/3576",5,"ITGB3/CD40/IL10/VEGFA/CXCL8"
"GO:0050856","GO:0050856","regulation of T cell receptor signaling pathway","3/97","54/18842",0.0555555555555556,10.7915234822451,5.18324805605531,0.00271253616778348,0.0192881643461607,0.0140532904149523,"1236/29126/941",3,"CCR7/CD274/CD80"
"GO:0097191","GO:0097191","extrinsic apoptotic signaling pathway","5/97","186/18842",0.0268817204301075,5.22170491076377,4.16226952055414,0.00275110328608371,0.0194988911477946,0.0142068252401657,"6714/330/467/3624/3084",5,"SRC/BIRC3/ATF3/INHBA/NRG1"
"GO:0006898","GO:0006898","receptor-mediated endocytosis","6/97","271/18842",0.022140221402214,4.30068094495378,3.93700227688165,0.00277648234580078,0.019615084015803,0.0142914829654403,"3690/1236/3084/57007/7422/3576",6,"ITGB3/CCR7/NRG1/ACKR3/VEGFA/CXCL8"
"GO:0030183","GO:0030183","B cell differentiation","4/97","114/18842",0.0350877192982456,6.81569904141798,4.48026568407102,0.00285827569958586,0.0199997049641871,0.0145717164697961,"3624/259307/3586/7412",4,"INHBA/IL4I1/IL10/VCAM1"
"GO:0002548","GO:0002548","monocyte chemotaxis","3/97","55/18842",0.0545454545454545,10.5953139643861,5.12633444364089,0.00285840950473036,0.0199997049641871,0.0145717164697961,"3627/6347/1843",3,"CXCL10/CCL2/DUSP1"
"GO:1904427","GO:1904427","positive regulation of calcium ion transmembrane transport","3/97","55/18842",0.0545454545454545,10.5953139643861,5.12633444364089,0.00285840950473036,0.0199997049641871,0.0145717164697961,"6373/3627/57214",3,"CXCL11/CXCL10/CEMIP"
"GO:0051897","GO:0051897","positive regulation of phosphatidylinositol 3-kinase/protein kinase B signal transduction","5/97","188/18842",0.0265957446808511,5.16615485852161,4.12974719492924,0.00288067817437689,0.0200911196634656,0.0146383209062838,"6714/1236/1440/7422/3554",5,"SRC/CCR7/CSF3/VEGFA/IL1R1"
"GO:0045637","GO:0045637","regulation of myeloid cell differentiation","5/97","189/18842",0.0264550264550265,5.13882070583101,4.11365901362886,0.00294709686085062,0.0204238490388473,0.0148807463884554,"9636/3624/1440/3665/7130",5,"ISG15/INHBA/CSF3/IRF7/TNFAIP6"
"GO:1904018","GO:1904018","positive regulation of vasculature development","5/97","189/18842",0.0264550264550265,5.13882070583101,4.11365901362886,0.00294709686085062,0.0204238490388473,0.0148807463884554,"3690/958/3586/7422/3576",5,"ITGB3/CD40/IL10/VEGFA/CXCL8"
"GO:0002285","GO:0002285","lymphocyte activation involved in immune response","5/97","191/18842",0.0261780104712042,5.08501106493226,4.081821222335,0.00308324889265269,0.0212997858628507,0.0155189509553572,"6775/9021/3586/941/3456",5,"STAT4/SOCS3/IL10/CD80/IFNB1"
"GO:0048010","GO:0048010","vascular endothelial growth factor receptor signaling pathway","3/97","57/18842",0.0526315789473684,10.223548562127,5.01677919076411,0.0031644476219678,0.0217917639077467,0.0158774044721678,"6714/3690/7422",3,"SRC/ITGB3/VEGFA"
"GO:0045619","GO:0045619","regulation of lymphocyte differentiation","5/97","193/18842",0.0259067357512953,5.03231664975161,4.05042531414286,0.00322389004283605,0.0221312954827393,0.0161247860136553,"3624/259307/3586/941/3456",5,"INHBA/IL4I1/IL10/CD80/IFNB1"
"GO:0033623","GO:0033623","regulation of integrin activation","2/97","17/18842",0.117647058823529,22.8526379624015,6.48419338121506,0.00339214082741082,0.022925831040984,0.0167036818974018,"6714/10563",2,"SRC/CXCL13"
"GO:0042537","GO:0042537","benzene-containing compound metabolic process","2/97","17/18842",0.117647058823529,22.8526379624015,6.48419338121506,0.00339214082741082,0.022925831040984,0.0167036818974018,"8942/8564",2,"KYNU/KMO"
"GO:0043117","GO:0043117","positive regulation of vascular permeability","2/97","17/18842",0.117647058823529,22.8526379624015,6.48419338121506,0.00339214082741082,0.022925831040984,0.0167036818974018,"654/7422",2,"BMP6/VEGFA"
"GO:0050862","GO:0050862","positive regulation of T cell receptor signaling pathway","2/97","17/18842",0.117647058823529,22.8526379624015,6.48419338121506,0.00339214082741082,0.022925831040984,0.0167036818974018,"1236/941",2,"CCR7/CD80"
"GO:0140131","GO:0140131","positive regulation of lymphocyte chemotaxis","2/97","17/18842",0.117647058823529,22.8526379624015,6.48419338121506,0.00339214082741082,0.022925831040984,0.0167036818974018,"6351/10563",2,"CCL4/CXCL13"
"GO:0050671","GO:0050671","positive regulation of lymphocyte proliferation","4/97","120/18842",0.0333333333333333,6.47491408934708,4.32799679867774,0.00343729165832102,0.0231592829941815,0.0168737741901334,"29126/7412/10148/941",4,"CD274/VCAM1/EBI3/CD80"
"GO:1901654","GO:1901654","response to ketone","5/97","197/18842",0.0253807106598985,4.93013763148255,3.98891514867507,0.00351897356423618,0.0236366747407003,0.0172216001799542,"6714/3624/653361/1236/1843",5,"SRC/INHBA/NCF1/CCR7/DUSP1"
"GO:0032946","GO:0032946","positive regulation of mononuclear cell proliferation","4/97","121/18842",0.0330578512396694,6.42140240265826,4.30363000705385,0.00354098016115257,0.0237115327969204,0.0172761415030724,"29126/7412/10148/941",4,"CD274/VCAM1/EBI3/CD80"
"GO:0002040","GO:0002040","sprouting angiogenesis","5/97","198/18842",0.0252525252525253,4.90523794647506,3.97379691395399,0.00359568052252212,0.0240041913781828,0.0174893715420278,"1960/54567/3586/3164/7422",5,"EGR3/DLL4/IL10/NR4A1/VEGFA"
"GO:0043269","GO:0043269","regulation of monoatomic ion transport","7/97","383/18842",0.0182767624020888,3.55021399154801,3.62716277541297,0.00364092283997207,0.0240653553237456,0.0175339353830699,"6373/3627/3690/57214/6351/6347/5142",7,"CXCL11/CXCL10/ITGB3/CEMIP/CCL4/CCL2/PDE4B"
"GO:0051384","GO:0051384","response to glucocorticoid","4/97","122/18842",0.0327868852459016,6.36876795673483,4.2795366144411,0.00364677662516165,0.0240653553237456,0.0175339353830699,"374/654/3586/1843",4,"AREG/BMP6/IL10/DUSP1"
"GO:0032613","GO:0032613","interleukin-10 production","3/97","60/18842",0.05,9.71237113402062,4.86223778623993,0.00365996242211797,0.0240653553237456,0.0175339353830699,"9636/29126/10148",3,"ISG15/CD274/EBI3"
"GO:0032653","GO:0032653","regulation of interleukin-10 production","3/97","60/18842",0.05,9.71237113402062,4.86223778623993,0.00365996242211797,0.0240653553237456,0.0175339353830699,"9636/29126/10148",3,"ISG15/CD274/EBI3"
"GO:0034113","GO:0034113","heterotypic cell-cell adhesion","3/97","60/18842",0.05,9.71237113402062,4.86223778623993,0.00365996242211797,0.0240653553237456,0.0175339353830699,"3690/3586/7412",3,"ITGB3/IL10/VCAM1"
"GO:0048259","GO:0048259","regulation of receptor-mediated endocytosis","4/97","123/18842",0.032520325203252,6.31698935546056,4.25571115759238,0.00375470138530756,0.0246141535259051,0.0179337878716603,"3690/1236/3084/7422",4,"ITGB3/CCR7/NRG1/VEGFA"
"GO:0003159","GO:0003159","morphogenesis of an endothelium","2/97","18/18842",0.111111111111111,21.5830469644903,6.28470764805058,0.00380340384101794,0.0247108053123279,0.0180042080318863,"3627/54567",2,"CXCL10/DLL4"
"GO:0035743","GO:0035743","CD4-positive, alpha-beta T cell cytokine production","2/97","18/18842",0.111111111111111,21.5830469644903,6.28470764805058,0.00380340384101794,0.0247108053123279,0.0180042080318863,"3554/3456",2,"IL1R1/IFNB1"
"GO:0061154","GO:0061154","endothelial tube morphogenesis","2/97","18/18842",0.111111111111111,21.5830469644903,6.28470764805058,0.00380340384101794,0.0247108053123279,0.0180042080318863,"3627/54567",2,"CXCL10/DLL4"
"GO:2000351","GO:2000351","regulation of endothelial cell apoptotic process","3/97","61/18842",0.0491803278688525,9.55315193510225,4.81312197127367,0.00383504270112673,0.0248424279423135,0.018100107828838,"3690/958/6347",3,"ITGB3/CD40/CCL2"
"GO:0034762","GO:0034762","regulation of transmembrane transport","7/97","388/18842",0.0180412371134021,3.50446381124455,3.58575394459228,0.0039081054816258,0.0252079514238395,0.0183664269843149,"6373/3627/124935/3690/57214/5142/8013",7,"CXCL11/CXCL10/SLC43A2/ITGB3/CEMIP/PDE4B/NR4A3"
"GO:0071356","GO:0071356","cellular response to tumor necrosis factor","5/97","202/18842",0.0247524752475248,4.80810452179239,3.91432345620584,0.0039145650630699,0.0252079514238395,0.0183664269843149,"330/958/6347/7412/3576",5,"BIRC3/CD40/CCL2/VCAM1/CXCL8"
"GO:0046632","GO:0046632","alpha-beta T cell differentiation","4/97","125/18842",0.032,6.2159175257732,4.20884295883334,0.00397701658064895,0.0255347858692843,0.0186045574407448,"6775/9021/3586/941",4,"STAT4/SOCS3/IL10/CD80"
"GO:0007589","GO:0007589","body fluid secretion","3/97","62/18842",0.0483870967741935,9.39906883937479,4.76512514765089,0.00401515191319919,0.0257040370278998,0.0187278732546503,"6714/4939/7422",3,"SRC/OAS2/VEGFA"
"GO:0097193","GO:0097193","intrinsic apoptotic signaling pathway","6/97","294/18842",0.0204081632653061,3.96423311592678,3.684958455608,0.00413832612643498,0.0264151050701976,0.0192459549924385,"6714/330/602/57007/3586/6615",6,"SRC/BIRC3/BCL3/ACKR3/IL10/SNAI1"
"GO:0050728","GO:0050728","negative regulation of inflammatory response","5/97","205/18842",0.024390243902439,4.73774201659542,3.87073438095241,0.00416667897163202,0.0265185428427776,0.0193213193989136,"6714/3586/7130/8013/3554",5,"SRC/IL10/TNFAIP6/NR4A3/IL1R1"
"GO:2001236","GO:2001236","regulation of extrinsic apoptotic signaling pathway","4/97","127/18842",0.031496062992126,6.11802906080039,4.16298467198694,0.00420808618653217,0.0267042213523248,0.0194566041243884,"6714/467/3624/3084",4,"SRC/ATF3/INHBA/NRG1"
"GO:0002262","GO:0002262","myeloid cell homeostasis","4/97","128/18842",0.03125,6.07023195876289,4.14042212060951,0.00432695352461701,0.0273789552006926,0.0199482128930475,"9636/3624/5142/7422",4,"ISG15/INHBA/PDE4B/VEGFA"
"GO:0014823","GO:0014823","response to activity","3/97","64/18842",0.046875,9.10534793814433,4.67231486203297,0.00439062869209504,0.0277015677307615,0.0201832672764089,"3690/654/3586",3,"ITGB3/BMP6/IL10"
"GO:0030100","GO:0030100","regulation of endocytosis","6/97","300/18842",0.02,3.88494845360825,3.62339362918957,0.00456323279721486,0.0285944945765566,0.0208338507149394,"6714/3690/1236/3084/6347/7422",6,"SRC/ITGB3/CCR7/NRG1/CCL2/VEGFA"
"GO:0002064","GO:0002064","epithelial cell development","4/97","130/18842",0.0307692307692308,5.97684377478192,4.096007088597,0.00457145149208349,0.0285944945765566,0.0208338507149394,"6714/654/4233/7422",4,"SRC/BMP6/MET/VEGFA"
"GO:0006195","GO:0006195","purine nucleotide catabolic process","4/97","130/18842",0.0307692307692308,5.97684377478192,4.096007088597,0.00457145149208349,0.0285944945765566,0.0208338507149394,"6714/5142/272/54625",4,"SRC/PDE4B/AMPD3/PARP14"
"GO:0060760","GO:0060760","positive regulation of response to cytokine stimulus","3/97","65/18842",0.0461538461538462,8.96526566217288,4.62742043309548,0.00458607941679762,0.0286040324767691,0.0208407999963344,"64135/958/54625",3,"IFIH1/CD40/PARP14"
"GO:0002840","GO:0002840","regulation of T cell mediated immune response to tumor cell","2/97","20/18842",0.1,19.4247422680412,5.93032718002467,0.00469168020192831,0.0289350177429611,0.02108195472653,"29126/259307",2,"CD274/IL4I1"
"GO:0032261","GO:0032261","purine nucleotide salvage","2/97","20/18842",0.1,19.4247422680412,5.93032718002467,0.00469168020192831,0.0289350177429611,0.02108195472653,"10135/272",2,"NAMPT/AMPD3"
"GO:2000047","GO:2000047","regulation of cell-cell adhesion mediated by cadherin","2/97","20/18842",0.1,19.4247422680412,5.93032718002467,0.00469168020192831,0.0289350177429611,0.02108195472653,"654/7422",2,"BMP6/VEGFA"
"GO:0002832","GO:0002832","negative regulation of response to biotic stimulus","4/97","131/18842",0.0305343511450382,5.93121901314236,4.07414573090403,0.00469712104428086,0.0289350177429611,0.02108195472653,"9636/29126/259307/54625",4,"ISG15/CD274/IL4I1/PARP14"
"GO:0033002","GO:0033002","muscle cell proliferation","5/97","211/18842",0.023696682464455,4.6030194947965,3.78603719464196,0.00470541974290023,0.0289350177429611,0.02108195472653,"3690/3084/3486/3586/8013",5,"ITGB3/NRG1/IGFBP3/IL10/NR4A3"
"GO:0043254","GO:0043254","regulation of protein-containing complex assembly","7/97","404/18842",0.0173267326732673,3.36567316525467,3.45767078384888,0.00486422559875644,0.0298275406800149,0.0217322438785363,"6714/9636/1236/1440/10563/3084/7422",7,"SRC/ISG15/CCR7/CSF3/CXCL13/NRG1/VEGFA"
"GO:0010595","GO:0010595","positive regulation of endothelial cell migration","4/97","133/18842",0.0300751879699248,5.84202774978684,4.03109401045412,0.00495539765812965,0.0303014932428488,0.0220775640909152,"3690/958/4233/7422",4,"ITGB3/CD40/MET/VEGFA"
"GO:0044409","GO:0044409","symbiont entry into host","4/97","134/18842",0.0298507462686567,5.7984305277735,4.00989545106158,0.00508804288805116,0.0310256916888706,0.0226052125958404,"6714/3690/941/3576",4,"SRC/ITGB3/CD80/CXCL8"
"GO:0048729","GO:0048729","tissue morphogenesis","7/97","408/18842",0.017156862745098,3.33267636951688,3.42665119767835,0.00512869908991679,0.0311664264129342,0.0227077514332973,"3627/3690/3084/54567/6615/4233/7422",7,"CXCL10/ITGB3/NRG1/DLL4/SNAI1/MET/VEGFA"
"GO:0002755","GO:0002755","MyD88-dependent toll-like receptor signaling pathway","2/97","21/18842",0.0952380952380952,18.4997545409917,5.77185452730361,0.00516823012436197,0.0311664264129342,0.0227077514332973,"3656/3665",2,"IRAK2/IRF7"
"GO:0033630","GO:0033630","positive regulation of cell adhesion mediated by integrin","2/97","21/18842",0.0952380952380952,18.4997545409917,5.77185452730361,0.00516823012436197,0.0311664264129342,0.0227077514332973,"3690/10563",2,"ITGB3/CXCL13"
"GO:0039535","GO:0039535","regulation of RIG-I signaling pathway","2/97","21/18842",0.0952380952380952,18.4997545409917,5.77185452730361,0.00516823012436197,0.0311664264129342,0.0227077514332973,"330/8638",2,"BIRC3/OASL"
"GO:0035051","GO:0035051","cardiocyte differentiation","4/97","135/18842",0.0296296296296296,5.75547919053074,3.98890980368167,0.00522305129689962,0.0314102506367269,0.0228854009268242,"3624/3084/7412/7422",4,"INHBA/NRG1/VCAM1/VEGFA"
"GO:0001649","GO:0001649","osteoblast differentiation","5/97","217/18842",0.0230414746543779,4.47574706636895,3.70446086074325,0.00529203058945703,0.0317376449911667,0.0231239393310283,"374/654/3486/7130/6615",5,"AREG/BMP6/IGFBP3/TNFAIP6/SNAI1"
"GO:0019722","GO:0019722","calcium-mediated signaling","5/97","219/18842",0.0228310502283105,4.43487266393636,3.67792608535452,0.00549858701868793,0.0327962171087316,0.0238952113466709,"1236/6351/6364/57007/3576",5,"CCR7/CCL4/CCL20/ACKR3/CXCL8"
"GO:0034612","GO:0034612","response to tumor necrosis factor","5/97","219/18842",0.0228310502283105,4.43487266393636,3.67792608535452,0.00549858701868793,0.0327962171087316,0.0238952113466709,"330/958/6347/7412/3576",5,"BIRC3/CD40/CCL2/VCAM1/CXCL8"
"GO:0070665","GO:0070665","positive regulation of leukocyte proliferation","4/97","138/18842",0.0289855072463768,5.63036007769311,3.92719242012211,0.00564244252090974,0.0335069969273459,0.0244130830856714,"29126/7412/10148/941",4,"CD274/VCAM1/EBI3/CD80"
"GO:0001569","GO:0001569","branching involved in blood vessel morphogenesis","2/97","22/18842",0.0909090909090909,17.6588566073102,5.62395504347862,0.00566608186124455,0.0335069969273459,0.0244130830856714,"54567/7422",2,"DLL4/VEGFA"
"GO:0050927","GO:0050927","positive regulation of positive chemotaxis","2/97","22/18842",0.0909090909090909,17.6588566073102,5.62395504347862,0.00566608186124455,0.0335069969273459,0.0244130830856714,"7422/3576",2,"VEGFA/CXCL8"
"GO:0070588","GO:0070588","calcium ion transmembrane transport","6/97","314/18842",0.0191082802547771,3.71173419134546,3.48572233794494,0.00567915202158404,0.0335069969273459,0.0244130830856714,"6373/3627/3690/57214/1236/5142",6,"CXCL11/CXCL10/ITGB3/CEMIP/CCR7/PDE4B"
"GO:0002274","GO:0002274","myeloid leukocyte activation","5/97","222/18842",0.0225225225225225,4.37494195226154,3.63871529229531,0.00581903131918136,0.0342397449320025,0.0249469607697065,"6714/3586/8013/3576/3554",5,"SRC/IL10/NR4A3/CXCL8/IL1R1"
"GO:0006163","GO:0006163","purine nucleotide metabolic process","7/97","422/18842",0.0165876777251185,3.22211364635755,3.32102999842779,0.00614041543422132,0.0360336744432934,0.0262540116613141,"6714/10135/8942/5142/272/54625/8564",7,"SRC/NAMPT/KYNU/PDE4B/AMPD3/PARP14/KMO"
"GO:0002424","GO:0002424","T cell mediated immune response to tumor cell","2/97","23/18842",0.0869565217391304,16.8910802330793,5.48547432678843,0.00618500808716626,0.0361012637815079,0.0263032570214135,"29126/259307",2,"CD274/IL4I1"
"GO:0050926","GO:0050926","regulation of positive chemotaxis","2/97","23/18842",0.0869565217391304,16.8910802330793,5.48547432678843,0.00618500808716626,0.0361012637815079,0.0263032570214135,"7422/3576",2,"VEGFA/CXCL8"
"GO:0050854","GO:0050854","regulation of antigen receptor-mediated signaling pathway","3/97","74/18842",0.0405405405405405,7.87489551407077,4.26253623709579,0.00658339617455627,0.0380316107479192,0.0277097012031275,"1236/29126/941",3,"CCR7/CD274/CD80"
"GO:0071260","GO:0071260","cellular response to mechanical stimulus","3/97","74/18842",0.0405405405405405,7.87489551407077,4.26253623709579,0.00658339617455627,0.0380316107479192,0.0277097012031275,"3690/654/958",3,"ITGB3/BMP6/CD40"
"GO:0007160","GO:0007160","cell-matrix adhesion","5/97","229/18842",0.0218340611353712,4.24121010219241,3.54986515173629,0.00661765191090537,0.0380316107479192,0.0277097012031275,"6714/3690/1236/7412/7422",5,"SRC/ITGB3/CCR7/VCAM1/VEGFA"
"GO:0071375","GO:0071375","cellular response to peptide hormone stimulus","6/97","325/18842",0.0184615384615385,3.58610626486915,3.38296771459031,0.00668701896713635,0.0380316107479192,0.0277097012031275,"6714/3690/4929/3624/8013/3164",6,"SRC/ITGB3/NR4A2/INHBA/NR4A3/NR4A1"
"GO:0050852","GO:0050852","T cell receptor signaling pathway","4/97","145/18842",0.0275862068965517,5.35854959118379,3.78996455526313,0.00670717033423923,0.0380316107479192,0.0277097012031275,"1236/29126/5142/941",4,"CCR7/CD274/PDE4B/CD80"
"GO:0035022","GO:0035022","positive regulation of Rac protein signal transduction","2/97","24/18842",0.0833333333333333,16.1872852233677,5.35542766269643,0.00672478321058031,0.0380316107479192,0.0277097012031275,"6714/1236",2,"SRC/CCR7"
"GO:0035929","GO:0035929","steroid hormone secretion","2/97","24/18842",0.0833333333333333,16.1872852233677,5.35542766269643,0.00672478321058031,0.0380316107479192,0.0277097012031275,"3624/654",2,"INHBA/BMP6"
"GO:0043101","GO:0043101","purine-containing compound salvage","2/97","24/18842",0.0833333333333333,16.1872852233677,5.35542766269643,0.00672478321058031,0.0380316107479192,0.0277097012031275,"10135/272",2,"NAMPT/AMPD3"
"GO:0050857","GO:0050857","positive regulation of antigen receptor-mediated signaling pathway","2/97","24/18842",0.0833333333333333,16.1872852233677,5.35542766269643,0.00672478321058031,0.0380316107479192,0.0277097012031275,"1236/941",2,"CCR7/CD80"
"GO:0061384","GO:0061384","heart trabecula morphogenesis","2/97","24/18842",0.0833333333333333,16.1872852233677,5.35542766269643,0.00672478321058031,0.0380316107479192,0.0277097012031275,"3084/54567",2,"NRG1/DLL4"
"GO:0090023","GO:0090023","positive regulation of neutrophil chemotaxis","2/97","24/18842",0.0833333333333333,16.1872852233677,5.35542766269643,0.00672478321058031,0.0380316107479192,0.0277097012031275,"1236/3576",2,"CCR7/CXCL8"
"GO:2000108","GO:2000108","positive regulation of leukocyte apoptotic process","2/97","24/18842",0.0833333333333333,16.1872852233677,5.35542766269643,0.00672478321058031,0.0380316107479192,0.0277097012031275,"29126/3586",2,"CD274/IL10"
"GO:0071496","GO:0071496","cellular response to external stimulus","3/97","75/18842",0.04,7.76989690721649,4.22581401849718,0.00683243678853354,0.0385405930474644,0.0280805439615781,"3690/654/958",3,"ITGB3/BMP6/CD40"
"GO:0002700","GO:0002700","regulation of production of molecular mediator of immune response","4/97","147/18842",0.0272108843537415,5.28564415456904,3.7523830026378,0.00703417266839901,0.039576285915245,0.0288351462342673,"3586/8013/3554/3456",4,"IL10/NR4A3/IL1R1/IFNB1"
"GO:0002090","GO:0002090","regulation of receptor internalization","3/97","76/18842",0.0394736842105263,7.66766142159523,4.18976436137727,0.00708701886524777,0.0397711110098609,0.0289770951302649,"3690/3084/7422",3,"ITGB3/NRG1/VEGFA"
"GO:0072523","GO:0072523","purine-containing compound catabolic process","4/97","148/18842",0.027027027027027,5.24993034271385,3.73384830578137,0.00720155974060915,0.0403102690096148,0.029369923800433,"6714/5142/272/54625",4,"SRC/PDE4B/AMPD3/PARP14"
"GO:0032727","GO:0032727","positive regulation of interferon-alpha production","2/97","25/18842",0.08,15.539793814433,5.23296920915403,0.00728518336227676,0.0403643535021578,0.0294093295762762,"3665/64135",2,"IRF7/IFIH1"
"GO:0050869","GO:0050869","negative regulation of B cell activation","2/97","25/18842",0.08,15.539793814433,5.23296920915403,0.00728518336227676,0.0403643535021578,0.0294093295762762,"3624/3586",2,"INHBA/IL10"
"GO:0097396","GO:0097396","response to interleukin-17","2/97","25/18842",0.08,15.539793814433,5.23296920915403,0.00728518336227676,0.0403643535021578,0.0294093295762762,"3627/9021",2,"CXCL10/SOCS3"
"GO:0097398","GO:0097398","cellular response to interleukin-17","2/97","25/18842",0.08,15.539793814433,5.23296920915403,0.00728518336227676,0.0403643535021578,0.0294093295762762,"3627/9021",2,"CXCL10/SOCS3"
"GO:0048754","GO:0048754","branching morphogenesis of an epithelial tube","3/97","77/18842",0.038961038961039,7.56808140313295,4.15436570504184,0.00734717185668935,0.0406047497801338,0.0295844814802335,"54567/4233/7422",3,"DLL4/MET/VEGFA"
"GO:0007584","GO:0007584","response to nutrient","4/97","149/18842",0.0268456375838926,5.21469591088355,3.71548058803651,0.00737156003783406,0.0406366554610903,0.0296077278499927,"3627/8942/958/7412",4,"CXCL10/KYNU/CD40/VCAM1"
"GO:0007507","GO:0007507","heart development","7/97","438/18842",0.0159817351598174,3.10441086475545,3.20557983765118,0.00747196454109264,0.041086394441323,0.0299354061291024,"3624/3084/54567/654/7412/6615/7422",7,"INHBA/NRG1/DLL4/BMP6/VCAM1/SNAI1/VEGFA"
"GO:0002719","GO:0002719","negative regulation of cytokine production involved in immune response","2/97","26/18842",0.0769230769230769,14.9421094369548,5.11736775983747,0.00786598638392724,0.0428215667733495,0.0311996467413415,"3586/3456",2,"IL10/IFNB1"
"GO:0033622","GO:0033622","integrin activation","2/97","26/18842",0.0769230769230769,14.9421094369548,5.11736775983747,0.00786598638392724,0.0428215667733495,0.0311996467413415,"6714/10563",2,"SRC/CXCL13"
"GO:0071353","GO:0071353","cellular response to interleukin-4","2/97","26/18842",0.0769230769230769,14.9421094369548,5.11736775983747,0.00786598638392724,0.0428215667733495,0.0311996467413415,"958/54625",2,"CD40/PARP14"
"GO:0071624","GO:0071624","positive regulation of granulocyte chemotaxis","2/97","26/18842",0.0769230769230769,14.9421094369548,5.11736775983747,0.00786598638392724,0.0428215667733495,0.0311996467413415,"1236/3576",2,"CCR7/CXCL8"
"GO:0009166","GO:0009166","nucleotide catabolic process","4/97","153/18842",0.0261437908496732,5.07836399164477,3.6436259514124,0.0080780268270156,0.0438664989138683,0.0319609807164718,"6714/5142/272/54625",4,"SRC/PDE4B/AMPD3/PARP14"
"GO:0014910","GO:0014910","regulation of smooth muscle cell migration","3/97","80/18842",0.0375,7.28427835051546,4.05187426613244,0.00816133745453142,0.0440995041169359,0.0321307475085904,"3690/3486/8013",3,"ITGB3/IGFBP3/NR4A3"
"GO:0033627","GO:0033627","cell adhesion mediated by integrin","3/97","80/18842",0.0375,7.28427835051546,4.05187426613244,0.00816133745453142,0.0440995041169359,0.0321307475085904,"3690/10563/7412",3,"ITGB3/CXCL13/VCAM1"
"GO:0051591","GO:0051591","response to cAMP","3/97","81/18842",0.037037037037037,7.19434898816342,4.01888248236312,0.00844405085110194,0.0451916857600391,0.0329265073093131,"374/1843/4327",3,"AREG/DUSP1/MMP19"
"GO:0061138","GO:0061138","morphogenesis of a branching epithelium","3/97","81/18842",0.037037037037037,7.19434898816342,4.01888248236312,0.00844405085110194,0.0451916857600391,0.0329265073093131,"54567/4233/7422",3,"DLL4/MET/VEGFA"
"GO:0039529","GO:0039529","RIG-I signaling pathway","2/97","27/18842",0.0740740740740741,14.3886979763268,5.00798748732522,0.00846697181669994,0.0451916857600391,0.0329265073093131,"330/8638",2,"BIRC3/OASL"
"GO:0060055","GO:0060055","angiogenesis involved in wound healing","2/97","27/18842",0.0740740740740741,14.3886979763268,5.00798748732522,0.00846697181669994,0.0451916857600391,0.0329265073093131,"3690/7422",2,"ITGB3/VEGFA"
"GO:2000353","GO:2000353","positive regulation of endothelial cell apoptotic process","2/97","27/18842",0.0740740740740741,14.3886979763268,5.00798748732522,0.00846697181669994,0.0451916857600391,0.0329265073093131,"958/6347",2,"CD40/CCL2"
"GO:0098586","GO:0098586","cellular response to virus","3/97","82/18842",0.0365853658536585,7.10661302489313,3.98644731118976,0.00873246918247501,0.0464950737203486,0.0338761513086514,"3627/64135/3456",3,"CXCL10/IFIH1/IFNB1"
"GO:0043173","GO:0043173","nucleotide salvage","2/97","28/18842",0.0714285714285714,13.8748159057437,4.90427250008631,0.00908792088994477,0.0476897387085323,0.0347465801232453,"10135/272",2,"NAMPT/AMPD3"
"GO:0061383","GO:0061383","trabecula morphogenesis","2/97","28/18842",0.0714285714285714,13.8748159057437,4.90427250008631,0.00908792088994477,0.0476897387085323,0.0347465801232453,"3084/54567",2,"NRG1/DLL4"
"GO:0070102","GO:0070102","interleukin-6-mediated signaling pathway","2/97","28/18842",0.0714285714285714,13.8748159057437,4.90427250008631,0.00908792088994477,0.0476897387085323,0.0347465801232453,"6714/9021",2,"SRC/SOCS3"
"GO:0070670","GO:0070670","response to interleukin-4","2/97","28/18842",0.0714285714285714,13.8748159057437,4.90427250008631,0.00908792088994477,0.0476897387085323,0.0347465801232453,"958/54625",2,"CD40/PARP14"
"GO:0099149","GO:0099149","regulation of postsynaptic neurotransmitter receptor internalization","2/97","28/18842",0.0714285714285714,13.8748159057437,4.90427250008631,0.00908792088994477,0.0476897387085323,0.0347465801232453,"3690/3084",2,"ITGB3/NRG1"
"GO:1902230","GO:1902230","negative regulation of intrinsic apoptotic signaling pathway in response to DNA damage","2/97","28/18842",0.0714285714285714,13.8748159057437,4.90427250008631,0.00908792088994477,0.0476897387085323,0.0347465801232453,"57007/6615",2,"ACKR3/SNAI1"
"GO:0007498","GO:0007498","mesoderm development","3/97","84/18842",0.0357142857142857,6.93740795287187,3.92318137441518,0.00932651672577956,0.0488244268881937,0.0355733100407747,"3690/6615/7422",3,"ITGB3/SNAI1/VEGFA"
"GO:0048660","GO:0048660","regulation of smooth muscle cell proliferation","4/97","160/18842",0.025,4.85618556701031,3.52371967852616,0.00941872689511599,0.049189188545546,0.0358390741337705,"3690/3486/3586/8013",4,"ITGB3/IGFBP3/IL10/NR4A3"
